"﻿भारतातील सर्व  थंड हवेच्या ठिकाणांमध्ये कोणत्याही एका श्रेणीला सोडून   , माऊंट आबू  हे भारतातील असे एक थंड हवेचे ठिकाण आहे जे मैदानी  भागाच्या  मधोमध  वसलेले आहे जे सर्व  व्यावहारिक  कारणाने  एक दुर्मिळ  असे वाळवंट  आहे जिकडेतिकडे पसरलेल्या  खडकांवर  बसून  आणि सूर्योदय  वा सूर्यास्ताचे दृश्य  पाहण्यासाठी  उंच  आणि महत्त्वपूर्ण  स्थान  लोक  आणि पर्यटकांसाठी  एक आवडते  सोयीचे  ठिकाण  म्हणून कार्य  करते  शहराच्या  मध्यभागी  असलेले  नक्की तलावाद्वारे  आभूषित झालेले  हे विशिष्ट  पर्वतीय आश्रयस्थान  ,  भारतातील थंड हवेच्या ठिकाणांपैकी हे एक स्थळ  असे आहे ज्याच्याशी अनेक  दंतकथा  निगडित आहेत भारतातील थंड हवेच्या ठिकाणातील मंदिर  भारतातील इतर  थंड हवेच्या ठिकाणांमध्ये वास्तुशास्त्रीय सौंदर्य  आणि कला कौशल्याचे  मोठे गर्व आहे या नकाशीच्या आश्चर्यकारक  वास्तूंचे निर्माण  ११ व्या ते १३ व्या शतकाच्या  मध्यात झाले  जे जैन  तीर्थंकरांना   समर्पित  करण्यात आलेले आहे ",pos
"﻿ शांत पाण्याची भूमी आणि सूर्यप्रकाशित क्षितीज दूरवर  फक्त  प्रसिद्ध  नाविकांकडेच  या बोटी मिळतात , अशी भूमी  केरळच्या  लोकांच्या  अंतकरणाच्या अगदी  जवळ आहे पोस्टकार्डावरील निसर्गदृश्याप्रमाणेच प्रत्यक्ष  सौंदर्य  असणार्‍या केरळमध्ये  शेतीचेही  मोठे महत्त्व  आहे चित्रपुरमच्या सहलीमध्ये  शेतीविषयी  प्रेम  असणार्‍यांसाठी बरेच काही आहे केरळ  मसाला बोर्डाच्या स्वाधीन  दोन मोठ्या  रोपवाटिका  आहेत त्यातील एक चित्रपुरम येथे  आहे ज्याला भारतातील थंड हवेचे ठिकाण असल्याचे गौरव प्राप्त  झाले  आहे चित्रपुरमची सहल  ,  थंड  हवेचे  शांत  छोटे ,  निसर्गसमृद्ध आनंद  प्रकट करणारी आहे भारतातील हे थंड हवेचे ठिकाण पल्लीवसल हायडल प्रकल्पाचे  माहेरघर आहे  , येथे  हिरवेगार चहाचे मळे आहेत जे चिथिरापुरमच्या यात्रेत  बघायला  मिळतात ,  निसर्गाबरोबरच आणखीही एक वैशिष्ट्य  येथे  आहे भारतातील थंड हवेच्या ठिकाणाच्याबद्दलची छोटी - छोटी माहितीची  सूचना इंडिया ट्रॅव्हल डेस्टिनेशन तर्फे पर्यटकांना  पुरवली जाते ,  तसेच  आपल्या आगामी  सहलींची  माहितीसुद्धा  त्यामध्ये दिलेली असते  ",pos
"﻿भारतातील ,  थंड  हवेचे  एक  कमी  परिचित  ठिकाण  म्हणून  कूर्गला काढलेल्या सहली  एखाद्या दमल्या - भागल्या जीवास  ,  तो भारतातील ,  थंड  हवेचे  एक  मनोहारी  ठिकाण  असलेल्या कूर्गची सहल  आरंभतो  तेव्हा  अचंबित  करण्यास्तव सर्वथा सज्ज  आहेत कूर्गच्या सहलीत  भेट  देण्यात येणार्‍या ब्रम्हगिरी तळ्यात  कावेरी  नदीचे  पाणी  वाहत   आल्याने हे स्थान  पवित्र  झाले आहे व धार्मिक  प्रसंगी उधळलेल्या  गुलालाने  हे लाल  होते असे मानले जाते की ,  कावेरी  देवी  आपल्या आप्तेष्टांच्या  भेटीसाठी  भारतातील थंड  हवेचे  ठिकाण  असलेल्या कूर्गला येऊन त्याची शोभा  वाढविते ह्यांत ,  भारतातील ,  थंड  हवेचे  एक  मनोहारी  ठिकाण  असलेल्या कूर्ग येथील ,  प्रभू  शिवाचे  विविध  आविष्कारांचे  स्थान  असणार्‍या ,   गोथीय शैलीतील  कोरीव गवाक्षांचादेखील  समावेश  होतो ",pos
﻿ह्यामुळे  नव्या  संधींचे  मार्ग  खुले  होतात ज्याद्वारे  पर्यटक  व इच्छुक  प्रवासी  हे दोघेही हिमाचल  प्रदेशामधील  भारतातील सर्वाधिक  लाडके गिरीस्थानक असलेल्या डलहौसीच्या अज्ञात  मोहकतेच्या शोधासाठीची  आपली भ्रमंती चालू ठेऊ शकतात भारतातील कोणत्याही लक्षणीयरित्या प्रेक्षणीय  गिरीस्थानकाच्या एखाद्या सहलीप्रमाणे  डलहौसी येथे  ब्रिटीश  मोहकतेचे ते  जुने  पर्व  आणि तत्संबंधित सुसंस्कृत सभ्य  शिष्टाचार  प्रकट  होतात ब्रिटीश  युगातील  डौल  आणि सिमल्याच्या राजबिंडेपणा ह्यांच्या पंक्तित बसणारे डलहौसी हे  निव्वळ  ब्रिटीश  जमान्याचा  पवित्र  गतकाळ  अनुभवण्यासाठीही  अतिशय  बघण्याजोगे  आहे ,pos
"﻿ इंडियन ट्रॅव्हल डेस्टीनेशन्स दार्जीलिंगसाठी सहली  आयोजित  करते जे फिरण्यासाठी आणि आनंद  लुटण्यासाठी भारतात मधुचंद्राला जाणार्‍यांचे ,  मधुचंद्राचे भारतातील एक  आवडते ठिकाण  आहे   दार्जिलिंगमधील मधुचंद्र हा तेथील निसर्गसौंदर्य आणि प्रसन्न  करणारे मनमोहक  सृष्टीसौंदर्य ह्यांमुळे आयुष्यभर  जपून ठेवण्यासारखा अनुभव  ठरू शकतो   फारच  पसंतीचे  असलेले , भारतातील मधुचंद्राचे एक  ठिकाण  म्हणून   दार्जीलिंगमध्ये निसर्गसुंदर स्थळे  आणि सृष्टीसौंदर्य ह्यांची एक  बहुरंगी विविधता आढळते एखाद्याच्या खाजगी  सीमांमधील  एक  आदर्श  अशी मुशाफरी  सुरू करण्यासाठी जर  ह्या पात्रता  असतील तर मग ,  दार्जिलिंग हे भारतातील मधुचंद्र - स्थळ म्हणून  अगदी खुपच  पात्र  ठरते जे भारतात मधुचंद्राला जाणार्‍यांना हर्षभरित करत व्यावहारिक जीवनातील  सर्व कमतरतांपासून  मुक्त  करू शकते  भारतातील मधुचंद्राला जाणार्‍यांना टायगर हिलच्या दबदबा  उत्पन्न  करणार्‍या उंचीवरून  कांचनगंगेच्या पर्वतांचे  एक  विहंगम  दृश्य  दिसते आणि सँचेन सरोवराचा   उल्लेख  करावाच लागेल जो दार्जिलिंगच्या रहिवाशांसाठी  घरात  वापरायच्या  पाण्याचा  एकमेव स्रोत  आहे ",pos
"﻿  भारतातील आदर्श  मधुचंद्रस्थळ असलेल्या दार्जिलिंगमध्ये वसलेले  सँचेन सरोवर  हे भारतातील मधुचंद्राला जाणार्‍यांसाठी पाहण्यास  व अनुभवण्यास  एक  पर्वणी  आहे भारतातील गिरिस्थानकांचा संदर्भ आहे तिथवर  लक्षणियरित्या प्रेक्षणीय  स्थळांच्या  यादीमध्ये  हिमालय  अग्रस्थानी राहिल भारतातील गिरिस्थानकांचा संदर्भ आहे तिथवर  यंग हिमालयाज असे ओळखले  जातात ते  डून खोरे आणि निसर्गसौंदर्याचा एक  अर्क  असे ज्याच्याविषयी म्हटले जाते असे त्याच्या गर्भात  पहुडलेले छोटेसे  पण अतीव सुंदर  डेहराडून गाव  ह्यांना सामावून  घेतात सहल  मार्गदर्शक  इंडियन ट्रॅव्हल डेस्टीनेशन्स हे उत्तरांचलच  येथील ,  भारतातील एक  अभिमानास्पद गिरी  स्थानक अशा ,  श्वास  रोखेल  इतक्या सुंदर  डेहराडून ह्या नगराच्या  एका  पॅकेज सहलीबाबत  खुप  उत्सुक  पर्यटक  व रस असलेले प्रवासी  ह्यांचे मार्गदर्शन  करते इंडियन ट्रॅव्हल डेस्टीनेशन्सतर्फे पुरस्कृत अशी एक  डेहराडून सहल  ही थकलेल्या  पायांच्या  एका  जोडीसाठी किंवा अती  काम  केलेल्या एखाद्या एक्झिक्युटीव्हसाठी ,  पुन्हा  ताजेतवाने  करणारा व  पुन्हा  उर्जाप्रदान करणारा उपक्रम असू शकतो  ",pos
"﻿ गोव्याचे समुद्रकिनारे त्यांच्या आद्य  मोहकतेसाठी प्रसिद्ध  आहेत आणि सोनेरी  वाळूसम रुपरंगाचे काही   समुद्रकिनारे हे ,  घोळदार अंगरखाधारी चित्रकथा - पात्र  वेताळ ,  ज्याने त्याचा स्वतःचा मधुचंद्र हा आपली अर्धांगिनी  डायना पामर  हिच्यासह ,  खुज्या   आदिवासी  लोकांच्या  मध्यभागी  असलेल्या किलावीच्या  सोनेरी  समुद्रकिनार्‍यांवर साजरा केला होता ,  त्याच्या मिथकीय अशा  किलावी  किनार्‍या  वरील सोनेरी  वाळूची आठवण  करून देणारे आहेत  गॉथिक  गोव्याच्या समुद्रकिनार्‍यांमधील अरबी  समुद्रातील एक  डुबकी  हा भारतातील मधुचंद्राचे प्रमुख  ठिकाण  म्हणून   गोव्यास भेट देणार्‍या ,  भारतातील मधुचंद्रास जाणार्‍या काहींच्या  आयुष्यातील एक  संस्मरणीय  प्रसंग ठरू शकतो  किनार्‍यांच्या  यादीतील  पहिला  आणि आघाडीवरचा  आहे अंजुना बीच जो ,  त्याचा  जुना  बाजार  आणि बेधुंद पार्ट्या ह्यांमुळे भारतातील मधुचंद्रास जाणार्‍यांसाठी ,  अतीव आनंद  आणि समाधान  ह्यांचा स्रोत  ठरू शकतो  ",pos
"﻿ भारतात मधुचंद्रास जाणार्‍यांपैकी ,  एखाद्या समुद्रकिनार्‍यावरचा ,  एकांतवासातील   एक  शांत  फेरफटका  हवा  असणारे ,  किनारपट्टीचा अधिक  शांत  असा प्रकार  ह्या   स्वरुपातील    प्रसिद्ध  बागा  बीचची निवड  करू शकतात ,   जो तेथील काहिशा अधिक   रमणीय  अशा गोव्यासाठी विख्यात  आहे  गोव्यातील मधुचंद्रासाठी बाहेर  पडलेल्यांच्या भारतातील मधुचंद्राच्या सर्वाधिक  पसंतीच्या  ठिकाणांपैकी  एक  अशा गोव्याच्या एका  पहाडाच्या  वार्‍यापासून  आडोशाच्या  बाजूकडे व त्यातही एका  वनाच्छादित भागात ते आहे इंडियन ट्रॅव्हल डेस्टीनेशन्स हे भारतात मधुचंद्रास जाणारे जे कोणी गोव्याचे जीवन  आणि तेथील लोक  यांच्या एका  खराखुर्‍या आस्वादाच्या शोधात  आहेत ,  अशांना मदत  करते गोव्यात बरोक -  शैलीचे  आधिपत्य  होते ,  जे गुंतागुंतीचे काचकाम ,  बारकावे ,  आणि लाकूडकाम ह्यांच्या एका  अचंबित  करणार्‍या अशा एका  सढळ  वापरासाठी   कारणीभूत आहे ",pos
"﻿ हे मंदिर  प्राचीन  भारतीय कारागिरांचे उत्कृष्ट  स्थापत्यशिल्पी कौशल्य  आणि मर्मदृष्टी ह्यांचे एक  उदाहरण  मानले जाते ह्या अवाढव्य  मंदिर  संकुलात एक  सभामंडप  प्रासाद  आणि एक  कुंड  ह्यांचा समावेश  आहे किर्तीमंदिर हे एक  राष्ट्रीय  स्मारक  आहे कारण ते महात्मा  गांधींचे  जन्मस्थळ  आहे   या स्थानाला  काहीएक धार्मिक  महत्त्व  आहे कारण  हे सुदाम्याचेही जन्मस्थान  आहे जो भगवान  श्रीकृष्णाचा जिवलग  मित्र  समजला जाई ह्या ठिकाणी एक  लोभसवाणे  प्रार्थना  दालन  आणि एक  विशाल  ग्रंथालय  आहे  ज्यात अत्यंत  काळजीपूर्व निवडलेली  पुस्तके  आहेत ह्या ठिकाणी एक  लोभसवाणे  प्रार्थना  दालन  आणि एक  विशाल  ग्रंथालय  आहे  ज्यात अत्यंत  काळजीपूर्व निवडलेली  पुस्तके  आहेत इंडियन ट्रॅव्हल डेस्टीनेशन्सच्या संकेतस्थळावरून भारतातल्या ग्वाल्हेरमधील ऐतिहासिक  स्मारकांच्या  सहली  हा तुम्ही शक्ती ,  वलय  आणि शौर्याच्या सत्यकथांशी जोडलेल्या स्मारकांना  भेट देता तेव्हाच्या  रोमांचकतेव्यतिरिक्त एक  मोठा  शैक्षणिक  अनुभव  ठरू शकतो  ",pos
"﻿भारत  हे ,  आनंददायक  आणि शैवालाच्छादित पहाडी  मुलखांच्या   -  जे एक  लक्षणीय  दृश्य  व सामान  पाठीवर  घेऊन भटकंती  करण्याची ओढ  असलेल्या सर्वांसाठी अवश्य  भेट द्यावी असे आहेत -  वैविध्यपूर्ण पण मोहक  अशा एका  मिलाफाचे  ठिकाण  आहे भारतातील गिरिस्थानकांमुळे ,  सामान  पाठीशी  घेऊन भटकंती  करण्यार्या (एखाद्या) पर्यटकास  भारताच्या निद्रिस्त  हिमालयातील विस्तृत  पर्वतमय भूप्रदेशात ,  रम्य  आणि भेट देण्यायोग्य अशा विपुल  जागा  उपलब्ध  होतात उत्तर  भारतातील भारतीयांना  हिम  ही एक  दुर्मिळ  चीज  आहे म्हणून  साहजिकच  भारतातील थंड  हवेची  ठिकाणे  म्हणजे जिथे  ते थंडाव्यासाठी धाव  घेतात आणि स्वतःला शांत  करतात अशी एक  जागा  होय भारतातील गिरिस्थानके अजून  व्यापारी  केंद्रे  व्हायची आहेत ,  पण सर्वसामान्य  पर्यटक  आणि सामान  पाठीशी  घेऊन करायच्या भटकंतीत  रमणारे लोक  भरपूर  प्रदूषण  करतात आणि भारतातील गिरिस्थानकांच्या शांततेचा  भंग  करतात बोटॅनिकल गार्डन्सदेखील नानाविध हिमालयीन वनस्पती  व शोभादायक आमर ह्यांच्या एका  अनोख्या  व खास अशा संग्रहामुळे  भेट देण्याजोग्या आहेत ह्या बागांमध्ये  सामान  पाठीवर  घेऊन भटकंती  करण्यार्यांसाठी एक  अधिकचे  आकर्षण  म्हणून  एक  हरितगृहदेखील आहे  “पृथ्वीच्या  नंदनवनातील” ही फेरी आपणास सोबतचे  उंच  हिवर आणि केदार  असलेले ,  हिमालयीन वनस्पतीजीवन व वन्य  आसमंत  ह्यांची प्रशंसा  करायला उद्युक्त करते ",pos
"﻿तीस्ता नदी  हे घराबाहेर पडणे आवडणार्यांसाठीचे  आणखी  एक  आकर्षण  आहे इंडिया ट्रॅव्हल डेस्टिनेशन्स हे प्रवास   -  मार्गदर्शक  ,  निसर्गप्रेमींसाठी भारतातील गिरिस्थानकांच्या सहली  व प्रवास  ह्यांची माहिती  स्थळांच्या  संपूर्ण  प्रवास  कार्यक्रमासह  अंतर्भूत  करते हा ,  भारतातील ,  हिमाचल  प्रदेशातील  कुलू  येथील मुख्य  बाजार  होय ह्या रमणीय  बाजारातील  दुकानांत  इतर  वस्तूंबरोबर  पारंपरिक  टोप्या  शाली  ,  लहान  गालिचे  अशा पारंपरिक  वस्तूंची  विक्री  होते बिजलीमहादेव मंदिर  हे एक  प्रमुख  पर्यटनस्थळ आहे ज्याला आपण भारतातील ,  हिमाचल  प्रदेशातील  कुलू  येथील आपल्या इतिहास   - सहलींदरम्यान अवश्य  भेट द्या भारतामधील गोथी गोव्याच्या सोनेरी  किनार्यांमधील ,  खार्या अरबी  समुद्रातील एक  साहसी डुबकी  हा ,  आपली दैवभेट साजरी करण्यास आलेल्या काही  स्वप्नाळू  नजरेच्या  जोडप्यांपैकी  काहींसाठी ,  एक  अविस्मरणीय प्रसंग ठरू शकतो  ",pos
"﻿ह्या काही  वस्तू आहेत जे माऊंट आबू  ,  भारताच्या एका थंड हवेचे ठिकाण म्हणून आपल्या पर्यटकांना  देतो  यात्रा  मार्गदर्शक   ,  इंडिया ट्रॅव्हल डेस्टिनेशन उत्साही  लोकांना  भारतामध्ये साहसी  पर्यटन  देण्यासाठी  पॅकेज टूर आयोजित  करून  देतात ,  हे एक वेगळेच पर्यटन  आहे भारतामध्ये अशा प्रकारची  भरपूर  स्थळे  उपलब्ध  आहेत ,  तुम्हाला फक्त  त्यातून कोणते निवडण्यासाठी  एखादा आपल्या पाठीवर  एक भ्रमण किट घेऊन गोठलेल्या  तलावाचा  शोध  आणि श्वास रोखून धरणारा ट्रेक करायचा  असेल अथवा गंगा नदीच्या धोकादायक वळणांमधून  आणि खळाळत्या प्रवाहातून  राफ्टिंग करतो  तेव्हा  हा स्वतःसाठी  एक रोमांचक  अनुभव  असतो  इंडिया ट्रॅव्हल डेस्टिनेशन्स भारतातील साहसी  पर्यटनाच्या  त्या स्थानांमध्ये  सहली  आयोजित  करते जे हे पर्यटन  एक आगळे पर्यटन  आणि काही  महाग  असल्यामुळे  तुमच्या हृदयाचे  ठोक्यांवर परिणाम  होतो   भारतात साहसी  पर्यटन  कमी  संधी  देतो   , पॅरासेलिंग ,  स्कीइंग  ,  वॉटर स्पोर्ट ,  रिव्हर राफ्टिंग ,  ट्रेकिंग आणि पर्वतारोहण ही अशी काही  नावे  आहेत जी भारतात मुख्यत्वे  उपलब्ध  केली  जातात ",pos
"﻿ हा समुद्रकिनारा जराश्या अधिक  रम्य  अशा गोव्यासारखा आहे कारण  तो एका  पहाडाच्या  पोकळीत वसलेला  आहे आणि त्यातही ,  भारतात मधुचंद्राला जाणार्याच्या भारतातील मधुचंद्राच्या सर्वाधिक  पसंतीच्या  ठिकाणांपैकी  एकाच्या  वनाच्छादित भागात  आहे “पिछोला तलावातील ” नौकाविहार हासुद्धा भारतात मधुचंद्रास जाणार्यांसाठी ज्याचा आनंद  लुटावा असा एक  अविस्मरणीय अनुभव  आहे ;  हा सार्या  ऐवजामुळे उदयपुर  निःसंशयपणे ,  भारतातील राजस्थानातील उदयपुरला भेट देणार्या भावी  मधुचंद्राला जाणार्यांसाठी ,  भारतातील एक  आदर्श  मधुचंद्र -  स्थळ  ठरते तेथील वन्यजीवसंपदा ,  तिच्या जोडीने येणार्या ,  चहाचे  मळे ,  हत्तींवरील  रपेटी  आणि शिवाय  उत्कृष्ट  मसाल्यांचे  एक  भांडार  ह्या इतर  आकर्षणांमुळे  भारतातील एक  गिरिस्थानक म्हणून  इडुक्की हे खूप  हवेहवेसे बनले  आहे ",pos
"﻿कोचीन  हे दाटलेल्या  किनार्‍यांसह  उष्ण  आणि दमट  शहर  आहे या उष्ण  जागेपासून  चार  तासाच्या  प्रवासावर  मुन्नारचे थंड  हवेचे  हिरवेगार आणि ताजे  टवटवित  चहांचे  मळे आहेत ,  भारतामधील मधुचंद्रासाठी जाणार्‍या लोकांच्या  मनःस्थितीला योग्य  असे परिपूर्ण  ठिकाण  आहे खास  कुतुहल आणि आकर्षण  असलेले ताजे  हिरवेगार आणि जादुई निळ्या  रंगाचे  नेलकुरिंजी ,  जे मुन्नारला भारतामधील मधुचंद्रासाठी जाणार्‍या लोकांसाठी  भारतामधील उत्कृष्ट  मधुचंद्राच्या ठिकाणाला  स्वर्गीय  स्वरूप  देते तिरुवनंथपुरम जिल्हा  आंतरराष्ट्रीय  कीर्तीचा प्रसिद्ध  असलेल्या कोवलम समुद्र  किनार्‍यावरिल रिझॉर्टचे माहेरघर आहे ,  चंद्रकोरिच्या आकाराच्या  तीन  लागून असलेले किनारे  भारतामधील मधुचंद्रासाठी जाणार्‍या लोकांसाठी  भारतामधील महत्त्वाचे  मधुचंद्राचे ठिकाण  आहे नंतर ,  मिश्रणाला खमंग करणारी फोडणी  म्हणजे बायपीन बेट  ,  ज्याचे प्रसिद्ध  आकर्षण  क्वचित  दिसणार्‍या परंतु बराच  वेळ वाट  पहायला लावणार्‍या रहस्यमय  डॉलफिन्सचे लोकांपुढे  हजर  होण्याबरोबर जे पोहण्यासारख्या शारीरिक  व्यायामासाठी  लोकप्रिय  आहे जर  त्यांना उत्तम  प्रकारच्या  सहलीचा  अनुभव  घ्यायचा असेल आणि भारतीय  इतिहासाबद्दल  उत्कंठा  सुद्धा असेल तर भारतामधील मधुचंद्रासाठी जाणार्‍या लोकांसाठी  खजुराव हा पर्याय  असेल ",pos
"﻿बियास  नदी  आणि तिचे मेघगर्जना करणारे प्रवाह  हे सुद्धा काही  पट्ट्यांमध्ये रिव्हर राफ्टिंगसाठी उत्कृष्ट  जागा  आहेत काही  ऐतिहासिक  स्मारक  या जागेत  आहेत ती बौद्ध विहार  ,  बम्हदेशींयाचे विहार  ,  काही  मंदिरे  आहेत आणि तिबेटियन गोम्पा ही सख्यमुनींना अर्पण  केलेली आहे महापरिनिर्वाण  मंदिर  ह्या एका  जागेला तुमच्या भारताच्या बिहारमधील  कुशीनगरच्या ऐतिहासिक  जागेच्या  पर्यटनाच्या  वेळी जरुर  भेट दिलीच पाहिजे माता कुंवर श्राइन हे बौद्ध  धर्माचे  महत्वाचे तीर्थक्षेत्र  आहे जेथे  भगवान  बुद्धाची  १० व्या शतकातील  निळ्या  स्फटिकाची  प्रतिमा  आहे जगातले  अतिउंच पठार  म्हणून  सर्वोतोमुखी परिचित  असलेले लडाख  हे दुसरे उत्कृष्ट  उंच  सपाट  प्रदेश  आहे ,  जे भारतामध्ये मधुचंद्रासाठी जाणार्‍या लोकांसाठी  भारतामधल्या परिपूर्ण  मधुचंद्राच्या ठिकाणाची  तरतूद करते ",pos
"﻿ लक्किडीचा दौरा  पर्यटकाला  रुढीबद्ध वैशिष्ट्ये  दाखवायला समर्थ  करेल ज्याच्यासाठी ,  दंतकथेतील  केरळ  परिचीत  आहे उदाहरणार्थ  नदीच्या  काठावर  साचलेले शांत  संथ  पाणी  ,  अतिपावसाळी उष्णकटिबंधातील जंगले  आणि लाकडातून ठिबकणा~या पावसाच्या पाण्याची  शांत गुंजारव  हे आहेत लक्किडी ,  भारतामधले लोकप्रिय  असलेल्या थंड  हवेच्या  ठिकाणाच्या  अभिमानाची  गोष्ट  म्हणजे त्याचा संपूर्ण  जगात  सर्वात जास्ती  पर्जन्यवृष्टीसाठी दुसरा  क्रमांक लागतो लक्किडीच्या पावसानी ओलेचिंब झालेली मागे प्रखर  प्रकाश  असताना केवळ  बाह्याकार दिसणारी काळी  आकृती पर्यटकांना  ती जादू  उलगडायला मदत  करते हिमालयामधील मनालीचे पर्यटन  दुतर्फा  झाडामधून  दिसणारे निसर्गाला मिळालेले नविन  देखावे  तिच्या दैदिप्यमान किर्तीसह आपल्यासमोर  उलगडते मनाली हे मोहक  आणि उल्हसित भारतामधले थंड  हवेचे  ठिकाण  हिमाचल  प्रदेशातील  हिमालयामधल्या डोंगरांमध्ये  वरचढ आहे ",pos
"﻿हदिमदा देवी आणि मनु मंदिर  ही मनालीमधील उपासना  करण्याची काही  मुख्य  ठिकाणे  आहेत जी स्थापत्यकलेच्या सौंदर्यासाठी  आणि धार्मिक  महत्वासाठी सौंदर्याची  जाण असलेल्या लोकांच्या  डोळ्यांना  सर्वत्र  परिचीत  आहेत फंटसोक कॉफी हाऊस ,  लिटिल तिबेट  ,  तिबेट  किचन भारतामधील या थंड  हवेच्या  ठिकाणातील  ,  काही  जागा  तिबेटियन उत्पत्तिस्थानाच्या  जागा आहेत ,  ज्याला ख~या तिबेटच्या जागी  न जाता तिबेटचा  अनुभव  घेता येण्यासाठी भेट  देणे जरुरीचे आहेभारतातल्या थंड  हवेच्या  स्वर्गीय  ठिकाणांमधला  एक  ,  हिमाचल प्रदेश  ,  सगळ्या  अनुभवी  गिरिभ्रमण करणा~यांचा आणि सहल  करणा~या लोकांचा  ते महत्त्वाचे  आकर्षण  आणि एकत्र  प्रार्थना  करायची जागा  आहे ",pos
"﻿अश्रफी महाल  ही दुसरी  मनोरंजक  जागा  आहे ते वेदान्तविषयक महाविद्यालय  होते या रितीने  तुम्ही येऊन आणि भारतामधल्या ,  मध्य प्रदेशातील  मांडू प्रदेशाच्या  प्राचिन  वैभवाचा  एक  भाग  होऊ शकता इंडिया ट्रॅव्हल डेस्टिनेशन ,  पर्यटन  मार्गदर्शक  ,  त्याची भारतातील मोटारसायकल सफारीच्या स्वरुपातील  अत्याधुनिक  भरीमार्फत भारतातील साहसी  पर्यटन  क्षेत्रातील  नवीन  दृष्टिकोन अवाक्यात आणते मोटारसायकल ही वेग  आणि अचुकपणा  याचा उत्कृष्ट  नमुना  ,  काही  सेकंदानंतर  त्याने किंवा तीने इंजिनला  दिलेल्या झटक्यामुळे  यंत्राच्या  मालकाबरोबर  वेगवान  बहिरी  ससाण्यामध्ये रुपांतरीत  होते चार  चाकांचा वाहनचालक आणि जीप  सफारीसाठी भाग  घेणारे यांच्याकडून सुरक्षितता  आणि स्थिरता  यांच्या जाणीवेचा फायदा  उपभोगला जातो तो एक  विसंगत  अनुभव  आहे भारतामधील मोटारसायकल सफारी फक्त  यंत्राचा  वेग  वाढवण्याच्या भागालाच नाही  तर भारतातील साहसी  पर्यटनाच्या  पैलूच्या  सहनशीलता  आणि तोल सांभाळण्याचा  भागाला  सुद्धा आधार  देते असे  काही  भारतामधील मोटारसायकल सफारीची आकर्षकता होऊ शकते आणि त्याच्यासाठी जगाच्या  कोणत्याही भागामध्ये  भारतामधील साहसी  पर्यटनाच्या  जागेच्या  श्रेष्ठत्वाचा अभिमान  उपभोगते ",pos
﻿मुन्नार त्यांच्यापैकी एक  असल्याने सृष्टी  प्रेमिकांकडून  आणि नैसर्गिक  स्वादाचा  आल्हाददायकपणा मिळविण्याचा प्रयत्नात  असणा~यांकडून पून्हा  शोधून  काढण्याची गरज  आहे दक्षिण  भारतामधली थंड  हवेची  ठिकाणे  ह्या सुस्तावलेल्या प्रतिमा  आणि कमी  आकर्षक  आहेत त्यांना उजाळा देणे गरजेचे  आहे भारतामधल्या या थंड  हवेच्या  ठिकाणांमधले  कॉफी  आणि वेलचीचे  मोठ्या  प्रमाणावर  समृद्ध  असलेले मळे आणि त्याच्या बरोबर  विस्तारलेल्या गवताळ ठिकाणांसह  उत्कृष्ट  पोस्ट  कार्डवरच्या सौंदर्यासारखे  त्याला लायक  बनविते त्या राष्ट्रीय  आणि आंतरराष्ट्रीय  देखाव्याला  मुक्कामाचे  ठिकाण  म्हणून  लायक  बनविण्यासाठी फक्त  त्याच्याकडे जास्तीचे  लक्ष  देणे जरुरीचे  आहे  ते आधीपासून  नविन लग्न  झालेल्यांचे चंद्राकडे टक  लावून बघण्याचे लोकप्रिय  मुक्कामाचे  ठिकाण  आहे ,pos
"﻿इंडिया ट्रॅव्हल डेस्टिनेशन राजी - खुशीने तयार  असलेल्यांसाठी आणि निसर्गामध्ये काही  मिळण्याचा प्रयत्न  करण्याची आवड  असलेल्यांसाठी नैनीताल ,  हिमालयामधले दुस~या अनोख्या  पहुडलेल्या शांत ठिकाणाच्या  तात्पुरत्या  मुक्कामाचा  प्रवास  फलदायी  आणि अर्थपूर्ण  होण्यासाठी रस्तावर  पायघड्या घालते नैनीताल ,  भारतामधले थंड  हवेचे  ठिकाण  म्हणून  त्याची नैसर्गिक  मोहकता आणि आकर्षकता यांच्या सौजन्याने  भारतामधल्या इतर  थंड  हवेच्या  ठिकाणांमध्ये  जागेच्या  अभिमानाचा  आनंद  लुटते नैनीतालच्या पर्यटनाबरोबर  असलेले पर्यटन  मार्गदर्शक  ,  इंडिया ट्रॅव्हल डेस्टिनेशनच्या व्यवस्थेद्वारा  सफर अधिक  पुढे  घेऊन जातात इंडिया ट्रॅव्हल डेस्टिनेशन काही  दौरे  राखून ठेवते ,  जे नैसर्गिक  तेज  आणि आकर्षकतेच्या प्रतिष्ठेमध्ये  सुख  उपभोगतात भारतामधल्या थंड  हवेच्या  ठिकाणाला  वारंवार भेट देणा~यांना नैनीताल सरोवरांचा  प्रदेश  म्हणून  परिचीत  आहे पूल  ही दोन्ही  टोके  जोडतो ,  जेथे  घासाघीस करणा~या दुकानांसह  जोमदार  खरेदीचे  मॉल सुद्धा आहेत ",pos
"﻿ इंडिया ट्रॅव्हल डेस्टिनेशन्स हे संकेतस्थळ अतिधाडसी पर्यटकांना  भारतात नदीतील  तराफाचालनात  त्यांची कौशल्ये  आजमाविण्यासाठी संधींचे  विस्तीर्ण  क्षितिज  देऊ करते जी भारतातील साहस  पर्यटनाच्या  कक्षांतर्गत चालविल्या जाणार्या बहुविध उपक्रमांमध्ये आणखी  एक  जोडणी  आहे इंडिया ट्रॅव्हल डेस्टिनेशन्स हे ,  अतिशय  आवडते  आणि हवेहवेसे असे भारतातले मधुचंद्राचे ठिकाण  असलेल्या सिमल्याकरिता भविष्यात  मधुचंद्राला जाणार्यांसाठी सहली  आयोजित  करतात कारण  आगाऊ  नियोजनामुळे  बराचसा वेळ तसेच  पैशांची  पुंजी वाचते प्रस्तावित स्थळांची  यादी  बघता ,  सिमल्यातील मधुचंद्र हा एक  तृप्त  करणारा अनुभव  ठरू शकतो  भारतातले एक  मधुचंद्रस्थळ म्हणून  उपलब्ध  असलेली हिमाचल  प्रदेशाची  राजधानी  सिमला हे ,  आपल्या आयुष्यातील  अतिशय  उत्साहपूर्ण  आणि हृदयात जपून ठेवायचे दिवस  व्यतीत  करायला आलेल्या आणि जवळपास  जीवनातील  एका वळणाच्या उंबरठ्यावर  असलेल्या ,  आतुर  नेत्रांच्या आणि भावुक ,  आपसात  रमलेल्या युगुलांना मोहित  करण्यासाठी आणि भुरळ  पाडण्यासाठी सुसज्ज झाले आहे खास क्षणांसाठी  एक  खास ठिकाण  लागते आणि सिमला हे भारतात मधुचंद्रास जाणार्या ह्या नव्हाळीच्या लोकांसाठी  असलेले भारतातल्या मधुचंद्रासाठीच्या आदर्श  पर्यटनस्थळाच्या कसोटीस  उतरते ",pos
"﻿ तसेच  सिक्किमची ही सहल  आनंददायी  आणि भडक  असा चैतन्यपूर्ण निळा  पिसारा असलेल्या डौलदार  अशा इंपेयन तितराचे  अस्तित्व  उलगडून दाखवील आणि त्यापेक्षा सुंदर  काहीच असणार नाही  भारतातील आपले प्रमुख  गिरिस्थान असलेल्या सिक्किम  येथील बहरणार्या नैसर्गिक  संपदेव्यतिरिक्त ,  इंडिया ट्रॅव्हल डेस्टिनेशन्स हे प्रतिकात्मरित्या भारतातील प्रमुख  गिरिस्थान असलेल्या सिक्किमशी निगडित  असलेले बौद्ध  विहार  आणि मठ  येथेदेखील  सहली  आयोजित  करते  स्की हा एक  खेळ  म्हणून अतिशय  रोमांचक आणि आनंददायी  होऊ शकतो  ज्याला त्याच ढंगाच्या  उच्च  दर्जाच्या  खेळासारखी  विशेष  उपकरणे  लागत नाहीत थोडीशी  शिस्त  आणि सूचना  पाळण्याची मनोवृत्ती असेल तर ह्यांत स्वारस्य असणारा कुठलाही जीव  हा खेळ  सहज  खेळू  शकतो ",pos
"﻿याव्यतिरिक्त भारतात साहसी  पर्यटन  स्कीइंगचा खेळही  देऊ  करते  जो एक आगळा असा खेळ  आहे स्कीइंग  हा खेळ  म्हणून अतिशय  रोमांचक  आणि उल्हासित  करणारा  अनुभव  असतो  ,  या प्रकारच्या  अन्य  खेळांमध्ये  जशी विशेष  साधने  लागतात ती या खेळाला  आवश्यक  नसतात पर्यटक  जिथे आपल्या चिंता  ,  काळजी  विसरून  जातो अशी स्थाने  म्हणजे जम्मू आणि काश्मीरमधील गुलमर्ग किंवा हिमाचल प्रदेशातील गढवालमधील औली ,  कुफ्री आणि नारकंदा इ तुम्ही जर  उत्तर भारतातील ऐतिहासिक  महत्त्वाच्या  स्मारकांचा  प्रवास  करीत असाल  तर  अजमेर  शहरामध्ये  फिरताना  तेथील प्राचीन  गोडवा  आणि सौंदर्य  यांचा आस्वाद घेता येईल याची काळजी  द साइट इंडिया ट्रॅव्हल डेस्टिनेशन घेते ",pos
"﻿ ह्या प्रांतातील  देवस्थान सहलीत  आपल्याला असे आढळेल  की ,  ह्या प्राचीन  मंदिराच्या  भिंती  दशावताराच्या शिल्पांनी  सुशोभित  करण्यात आलेल्या आहेत ज्यात भगवान  बुद्ध  हे विष्णुचा अवतार  म्हणून  दर्शविलेले आहेत भारतात आसाममधील  देवस्थान सहलीत  आपण ह्या प्राचीन  मंदिराला  भेट द्यायलाच हवी हे प्राचीन  मंदिर  भारतातील आसाममधले  सूर्यपूजेचे एक  महत्त्वाचे  केंद्र  आहे भारतात आसाममधील  शिवमंदिर  गोलाघाट जवळ  वसलेले  अजून  एक  चित्ताकर्षक  देवस्थान आहे ज्याला आपल्या भारतात आसाम  येथील देवस्थान सहलींच्या  दरम्यान तुम्ही कदाचित  तुम्ही भेट देऊ शकतां  ",pos
"﻿ खीर भवानी मंदिर  हे ,  भारतातील जम्मू  व काश्मिरमधील  तुमच्या मंदिरयात्रेमध्ये तुम्ही भेट  द्यायला हवी असे आणखी  एक प्रसिध्द  मंदिर  आहे हे पुरातन  व पवित्र  मंदिर  पटनीटॉपजवळ आहे आणि ते येथे  दरवर्षी  आयोजित  केल्या जाणाऱ्या असद पौर्णिमेच्या  उत्सवासाठी प्रसिध्द  आहे हे पवित्रस्थळ हिंदूंसाठी  अत्यंत  धार्मिक  महत्तेचे आहे  हे एक महत्वाचे मंदिर तेथील गरम  पाण्याच्या  झऱ्यांसाठी  खूप  लोकप्रिय  आहे ",pos
﻿भारतातील ओरीसाचे कोणार्क येथील सूर्यमंदिर १३व्या शतकात  केव्हातरी बांधण्यात  आले आणि पुरातन  भारतीय  स्थापत्यकलेचे ते एक  उत्कृष्ट  उदाहरण  आहे ह्या मंदिराचे  स्थापत्य हे ७ घोड्यांनी  ओढला  जाणारा १२ चाकांचा  एक  प्रचंड  रथ  प्रतिबिंबित  करते  सोमवंशी  राज्यकर्त्यांच्या  काळापर्यंत  मागोवा सापडणाऱ्या मूर्तींनी  ह्या मंदिराच्या  भिंती  सुशोभित  केल्या  आहेत ही जैन  मंदिरे  त्यांची स्थापत्यशास्त्रीय शैली  बारकाईचे कोरीवकाम केलेल्या व सुशोभित  अशा भिंती  छते  स्तंभ  चौकटी  आणि प्रवेशद्वार  ह्यांसाठी प्रसिद्ध  आहेत ह्या चार  मंदिरांपैकी  लुना वाशी व विमल वाशी ही मंदिरे  सर्वात महत्त्वाची  आहेत मुख्य मंदिरात  सुवर्ण  आणि पितळ  ह्यांच्या मिश्र धातूची  आदिनाथाची  प्रभावी  ओतीव  मूर्ती  आहे ,pos
"﻿ दिलवाडा मंदिरांव्यतिरिक्त  भारताच्या राजस्थानमधील आपल्या देवस्थानसहलींमध्ये आपण अवश्य  भेट  दिली पाहिजे असे मंदिर  म्हणजे भारतातील राजस्थानयेथील उदयपुरचे एकलिंगजी मंदिर  हे होय तामिळनाडू  हे दक्षिणेकडील  मंदिरांचे  शहर  म्हणून  ओळखले  जाते कारण  ,  प्राचीन  काळी  ह्या प्रदेशात  राज्य  करणाऱ्या विविध  राज्यकर्त्यांनी  बांधलेली  स्थापत्यकलेची बरीचशी आश्चर्ये  येथे  आहेत भारतातील तामिळनाडूयेथील सर्वात लोकप्रिय  मंदिरांपैकी  काही  मंदिरे  म्हणजे ,  चिदंबरम् ,  श्रीपार्थसारथी मंदिर  भारतातील तामिळनाडूयेथील आपल्या देवस्थानसहलींमध्ये आपण अवश्य  एक  भेट  द्यावी असे हे एक  मंदिर  आहे रामेश्वरम् हे हिंदूंचे  एक  महत्त्वाचे  तीर्थक्षेत्र  आहे ",pos
"﻿ आंतरराष्ट्रीय  सागरी  व्यापाराच्या  आधाराने  शतकानुशतके भरभराट  झालेल्या  एका शहरी  संस्कृतीचा  अर्थ  हाच होतो  ह्या किल्ल्यांपैकी  सर्वांत जास्त  सृष्टीसौंदर्य असलेला ,  बेकल हा आहे ज्याचा इतिहास  १२व्या शतकापर्यंत  मागे  जातो हा भव्य  किल्ला  बेकलच्या लोभस  समुद्रकिनाऱ्यावर उठून दिसतो कन्नुर हे 'थेय्यम' ह्या उत्तर  मलबारच्या प्राचीन  लोककलेचे एक  केन्द्र  आहे कन्नुरमध्ये फोर्ट ‘सेंट एन्जेलो’ हा एक प्रभावी  पोर्तुगाली  बालेकिल्लाही  आहे ,  त्याचा बराचशा भाग  अरबी समुद्राच्या पार्श्वभूमीवर उठून दिसतो तेव्हा कोझिकोड ही मलबारच्या सर्वांत शक्तिशाली  झामोरिनची राजधानी  होती त्रिशुर ह्या केरळाच्या  सांस्कृतिक  राजधानीवर  वेदक्कुनाथ मंदिराचा  प्रभाव  आहे १८व्या शतकाच्या  अखेरीस  व १९व्या शतकाच्या  सुरुवातीस त्रिशुर शहर  ही महाराजा सह्कतन थंपुरनची राजधानी  होती ,  ज्याने ह्या शहराची  रचना  केली  आणि तिला एका सांस्कृतिक  केंद्रात  रुपांतरीत  केले  राजा  सह्कतन थंपुरन ह्याने 'त्रिशुर पूरम' ह्या उत्सवाची  प्रथम  सुरुवातही  केली  ",pos
"﻿संध्याकाळची  रोषणाई ह्या किनाऱ्यांला  वलयांकित मोहक  वातावरण  देऊन जाते कोझिकोड समुद्रकिनारा ,  तेथील अद्भुतरम्य दीपगृह  आणि  दोन  शतकांपूर्वीचे   पडझड झालेले धक्के ,  अशा जुन्या  काळातील  आकर्षणांनी  परिपूर्ण  आहे वायपीन बेटाला  सीमांकित  करणारा 'चेराई' किनारा  (एर्नाकुलम शहरापासून  ४५ किलोमीटर ) हा येथील नारळांच्या  घनदाट  राया व बंदरावरील  मासेमारीसाठी असणारी जुन्या  पद्धतीची  चिनी जाळी ह्यांमुळे आकर्षक  दिसतो   वरकल समुद्रकिनारा हा (तिरुवनंतपुरमपासून ५४ किलोमीटरांवर ) तेथे  मिळणाऱ्या  मोहक  एकांतामुळे  सागरप्रेमींचा आवडता  आहे वरकल हे औषधी  पाण्याचे  झरे  आणि मालिश ह्यांसाठी प्रसिद्ध  आहे वरकल समुद्रकिनारा हा प्राचीन  'श्री जनार्दन स्वामी' मंदिरामुळे  हे हिंदूंचे  एक महत्त्वाचे   तीर्थस्थानही आहे 'कोवलम'चा समुद्रकिनारा (तिरुवनंतपुरमपासून १६ किलोमीटर  दक्षिणेस ) हे बहुधा  मलबारच्या समुद्रकिनाऱ्यावरील सर्वांत प्रसिद्ध  असे ठिकाण  आहे व बऱ्याच जणांनी ते भारताचे सर्वांत सुरेख  आणि काही अविस्मरणीय अनुभव  देणारे असे मानले आहे ",pos
"﻿ विविधरंगी कपडे  परिधान  केलेले खेड्यातील  लोक  कार्यक्रमात  मजा  आणि उल्हास भरतात कळसूत्री बाहुल्यांचे खेळ  हे सुद्धा एक मोठे आकर्षण  आहे  ह्या खेळांपैकी एका खेळात  ,  उंटाच्या  पाठीवरुन  खाली न पडण्याचा प्रयत्न  करत असणाऱ्या अनेक  प्रवाश्यांचीही कसोटी  असते  वराह  मंदिर  हे ,  चौहान घराण्यातला  राजा  'अनाजी' (११२३ - ११५०) ह्याने बांधले  होते १२व्या शतकातील  हे मंदिर  भगवान  शिवाला  समर्पित  आहे उठावदारपणे कोरीव काम  असलेले टेकू ,  घुमट  ,  टेहळणी  नाके  ,  कळस  आणि नक्षीदार  रंगीत  काचेच्या  खिडक्या  ह्यांमुळे ह्यावर विश्वास  बसणे कठिण  जाते की ही भव्य  इमारत  मुंबईच्या मुख्य  स्थानकांपैकी एक  आहे आणि ह्यात दररोज  जवळपास पाच  लाख  प्रवासी  सामावून  घेतले  जातात सीएस्टीच्या उत्तरेस  असलेली ,  'महात्मा फुले ' बाजारपेठ  म्हणून  ओळखली  जाणारी ही रंगीबेरंगी  बाजारपेठ  १८६९ साली बांधण्यात  आली विशिष्ट  हेतूसाठी  तिचे नवी मुंबईत स्थानांतर  करण्यापूर्वी ,  क्रॉफर्ड मार्केट ही शहरातील  उत्पादनाची  घाऊक  बाजारपेठ  होती ",pos
"﻿एक  लांब  व वक्राकार चोच  असणारा  ,  समुद्रराघूसारखा  दिसणारा ,  दुर्मिळ  व डौलदार  असा ग्वारा फक्त  काजु बेटावरच  सापडतो इथे  फक्त  एकच  छोटा  पुसादा आहे ,  पण पर्यावरणात्मक पर्यटनाचे  पर्याय  मात्र अनंत  आहेत !  संपूर्ण  वर्षभर हवामान  उष्ण  असले  ,  तरी जेव्हा  खाजणे  पूर्णपणे  भरलेली आणि पोहण्यासाठी  उत्तम  असतात तेव्हा  म्हणजे जानेवारी  आणि जून  दरम्यानच्या पावसाळ्यात  काजु बेटांना  भेट  देणे सर्वात उत्तम  असते  चपाडा डायमंशिना हे सभोवतालचे १५२ , ००० हेक्टरांचे राष्ट्रीय  उद्यान   आणि लेंकाईस हे प्रवेशद्वाराचे  शहर  दुर्मिळ  अशा नैसर्गिक  देखाव्यांनी  आणि भूतकाळ - ओढीच्या मोहिनीने  तुमचे स्वागत  करतात  ",pos
"﻿ चपाडा डायमेंशिनाने ,  ब्राझिलमधील पर्यावरणात्मक पर्यटनाच्या  यादीमधील  अत्यावश्यक  अशा स्थळांमध्ये  स्थान  मिळविले  आहे ,  कारण  तेथे  अनेक  नैसर्गिक  नोंदी  व स्मारके  आहेत लापाओ केव्ह ही अनुभवी  रॅपलर्ससाठी उत्कृष्ट  अशी अमेरिकेतील  सर्वात मोठी क्वार्टझाईटची गुहा  आहे इग्वासूची अनंत  आश्चर्ये  शब्दांत  वर्णन  करता  येत नाहीत हे धबधबे  एका  राष्ट्रीय उद्यानाने  वेढलेले  आहेत पाऊस  पडण्याचे प्रमाण  जास्त  असते तेव्हा  धबधबे  संपूर्ण  भरलेल्या आणि सर्वांत जोमदार  अवस्थेत  असतात  तुम्हाला राष्ट्रीय उद्यानाचा  शोध  घेण्यात अधिक  रस असेल तर ,  बहुतेक  मार्गांवर  जाता येण्याची खात्री  करण्यासाठी अधिक  कोरड्या  मोसमांकडे  लक्ष ठेवणे अधिक  योग्य  आहे तुमचे नशीब  आहे की ,  फर्नांडो डो नोरोव्हाच्या द्विपकल्पाकडे  जाणाऱ्या (फर्नांडो डो नोरोव्हाच्या १४ हिरव्या  स्थळांचा  दुवा ) प्रवाशांना  केवळ  एकाच  सफरीमध्ये ह्या तीनही  समुद्रकिनाऱ्यांचा अनुभव  घेण्याचे सौभाग्य  लाभते ",pos
"﻿ रशियामधील अनेक  चर्चे  आणि मठांमधील  मुक्तहस्त सजावट  सालंकृत अशी सजावट  आणि सुंदर  व कौशल्यपूर्ण रचनांना  दाद देण्यासाठी तुम्हाला एखाद्या विशिष्ट  पंथाचे  सभासद  असण्याची गरजच  नाही म्हणून  तुम्ही रशियाला पुन्हा  भेट द्याल तेव्हा  येथे  आढळणार्‍या अनेक  सुंदर  अशा धार्मिक  इमारतींची  एक  सफर करा मॉस्को  आणि सेंट पीटसबर्ग ह्यांसारख्या प्रमुख  शहरांच्या  मध्यभागी  किंवा देशभरातील अधिक छोट्या  ग्रामीण  भागात  तुम्हाला चर्चे  आढळतील रशियामध्ये तुम्ही कोणत्याही स्थळाकडे  जात असा किंवा भेट देण्यासाठी निवड  करा ,  ती सर्व  स्थळे  अद्वितीय  अशी आहेत आणि त्यातील प्रत्येक  स्थळ  तुम्हाला तुमच्या स्मृतीत  कायम राहील असा एक  अनुभव  देऊ करेल रशियामध्ये अविश्वसनीय  अशी समृद्ध  भौगोलिक संपत्ती  आहे त्यातल्या बर्‍याचशांसाठी तो सुप्रसिध्द  आहे ",pos
"﻿ भारतामध्ये राजस्थानातील अजमेरमध्ये  ऐतिहासिक  महत्त्वाची  अनेक  ठिकाणे  आहेत ,  जी तुम्ही येथील प्रवासात  बघू  शकता  यामध्ये अजमेर शरीफ ,  अनासागर तलाव ,  मीर सैद हुसेन यांची दर्गा  ,  जामा अल तामिश आणि तारागड किल्ला यांचा समावेश  आहे भारतात अजमेरचा  प्रवास  करीत असाल  तर  अजमेर शरीफला तुम्ही आवर्जून भेट दिली पाहिजे ,  अजमेर शरीफ अजमेर  शहराच्या  सर्वात जुन्या  भागात  वसलेले असून  येथील ते ऐतिहासिकदृष्ट्या सगळ्यात  महत्त्वाचे  स्थळ  आहे जे पर्यटक  या भागात यात्रा  करतात  ते या सुंदर  मशिदीला  पाहण्यासाठी  वारंवार येत असतात  भारतीय  आणि इस्लामिक स्थापत्यशैलीचा वैशिष्ट्यपूर्ण संगमाचे हे एक उत्कृष्ट  उदाहरण आहे या मशिदीच्या  मिनार आणि खांबांवर  उत्कृष्ट  स्थापत्यशास्त्रातील  कौशल्य  आणि अचुकतेची  उदाहरणे आहेत ",pos
"﻿ संपूर्ण  देशभर ,  तेथे  उत्सव ,  समारंभ आणि प्रदर्शन  होत असतात जे आधुनिक  ,  विविध  संस्कृतीची  विविधता असलेल्या ऑस्ट्रेलियाची प्रशंसा  करतात   -  जो या ग्रहावरील  सर्वात जास्त  वंशिकदृष्ट्या विविध  समाजातील  एक  आहे ऑस्ट्रेलियाचे देखावे  आणि आश्चर्यकारक  रमणिय  भुप्रदेश यांचा मनावर  उमटलेला ठसा  हा तुमच्या कल्पनेत  नेहमीच  राहील ,  जसे भोजन  आणि मद्य  तुमच्या स्वादग्रथींमधून रेंगाळत राहते ऑस्ट्रेलियाचा जगामध्ये  सातवा  क्रमांक   -  सर्वात जास्त  मद्य  निर्मितीमध्ये  लागतो ,  आणि ऑस्ट्रेलियाचे सर्वात चांगले  मद्य  हे जगातील  सर्वात उत्तम  मद्यांपैकी  एक  आहे  -  आंतरराष्ट्रीय  मद्य  प्रदर्शन  सुसंगतपणे  या मताला  पुष्टी  देते ऑस्ट्रेलियाला येणारे पर्यटक  ऑस्ट्रेलियाच्या खाद्याचा  शुद्ध  दर्जा  आणि विविधता यामुळे नेहमी  चकित  होतात प्रत्येक  मुख्य  शहरांमधील  स्थानिक  खाद्याचे  बाजार  या कापणी  केलेल्या पिकांच्या  नमुन्यासाठी  चांगल्या  जागा  आहेत ",pos
"﻿ ऑस्ट्रेलियाची खवय्यांसाठी स्वर्ग  म्हणून  वाढती  प्रतिष्ठा  ही स्थानिक  आणि विविध  संस्कृतीच्या  प्रभावामुळे  आहे कोणत्याही उपहारगृहामध्ये ,  लेबल 'आधुनिक  ऑस्ट्रेलियन स्वयंपाकाची  पद्धत ' हे तुम्हाला आश्वासन  देते कि तुम्ही मोहित  ,  आनंदी  आणि आश्चर्यचकित  व्हाल राजधानी  शहराच्या  बाजाराचा  आस्वाद आणि अनुभव  घेताना स्थानिक  उत्पादनाबरोबर  तेथे  अनुभव  घेण्यासाठी स्थानिक  कला  आणि संस्कृतीची  सजावट  देखील आहे  जर  तुम्ही आणि तुमचे 'जिवलग  आणि प्रिय ' यांना विश्रांती  बरोबर  संमिश्र चिमुटभर  रोमांचक गोष्टी  आवडत  असतील तर ऑस्ट्रेलिया  ही जागा  हृदयाची  स्पंदने वाढवणारी आहे  ऑस्ट्रेलियावासी मनमोकळे आणि मित्रत्वाचे असल्याची ख्याती  आहे ,  आणि विशेषकरून देशाचे  नैसर्गिक  आश्चर्य  आणि सांस्कृतिक  वारसाचे  पर्यटकांना  प्रदर्शन  करताना ते अभिमान  बाळगतात ",pos
"﻿ऑस्ट्रेलियावासी  वारसा  साजरा करण्यासाठी नेहमीच  उत्साही  असतात  ऑस्ट्रेलियावासी हे क्रिडामध्ये  भाग  घेणारे आणि प्रेक्षक  म्हणून  खूप  उत्साहपूर्ण  आहेत सादर करणाऱ्या कलेचे  जोमदार  आणि बदल  घडवून आणणारे देखावे  ऑस्टेलियाचा संपूर्ण  प्रदेश  व्यापतात सर्व प्रकारचे  विचित्र  आणि आश्चर्यकारक  स्पर्धक  खोल  वाळूमध्ये तळ नसलेल्या नौका  ,  आंघोळीचे  टब ,  हलकी  शिडाची  नौका  यांच्यामध्ये शर्यतीत धावण्यासाठी  तयार  असतात  सादर करणाऱ्या कलेचे  जोमदार  आणि बदल  घडवून आणणारे देखावे  ऑस्टेलियाचा संपूर्ण  प्रदेश  व्यापतात ",pos
"﻿शार्क बे हा परिसर  पुष्कळ सस्तन प्राणी  आणि पक्षी यांच्यासारख्या रंगीबेरंगी  सृष्टींचे माहेरघर आहे मन्की मियाला या ,  ही जागा  जगामध्ये  त्याच्या भेटायला  येणाऱ्या डॉलफिनसाठी प्रख्यात  आहे जे माणसांना  प्रतिसाद देतात  कोरल बेचे शांत  वाळूमय समुद्र  किनारे  हे पोहण्यासाठी उत्तम  आहेत  गेरॅल्डटन हा पश्चिम  ऑस्ट्रेलियाचा एक महत्त्वाचा  शेवंड्यांचा मासेमारीचा परिसर  आहे दिवसा  ,  शहराच्या  अंतरभागातील तुरळक  लोकसंख्या  असलेल्या असामान्य  अशा रमणिय  भूप्रदेशात ५०० गुरे हाकून  नेताना दिसतात ऑस्ट्रेलियाची तद्ददेशीय झाडे  ही निसर्गाच्या चमत्कारीक  निर्मितीपैकी  आहेत गेल्या दशकांमध्ये  ,  ऑस्ट्रेलियावासी त्यांच्या नैसर्गिक  पर्यावरणाच्या महत्त्वाची  आणि अद्वितियपणाची अधिकाधिक  जाणीव होत असणारे बनलेले आहे ",pos
"﻿ भव्य  दिवाणखानाच्या  पलिकडे ,  प्रदर्शानासाठी असलेली लांबलचक खोली  मेंबर हॉलच्या वरती विस्तारलेली आहे फ्लिन्डर्सचा कोपरा आणि स्वॅनस्टन मार्ग  हे शहराच्या  मध्यभागी  शहराचे  उल्लेखनीय  चौक  आहेत जर  वेगाने  तुमचे रोमांच  उभे राहत असतील ,  तर ऑस्ट्रेलिया  विपुल  रोमांचकारक प्रसंगाची तरतूद करते  : जेट लढाऊ  विमानापासून  (संपूर्ण  लढण्याच्या  साहित्यासह ) ते मोटारींच्या  स्पर्धेत  चालवण्यापर्यंत सर्व  काही  बंगी जंप ,  पॅराग्लाइड ,  स्कायडाईव्ह किंवा पहाटेच्यावेळी गरम - हवेच्या प्रसन्न  फुग्यातून वन्यजीवन बघा भरपूर  समुद्र  किनारे  ,  लहान  खाड्या आणि बंदर  यांची तरतूद ऑस्ट्रेलियाची विस्तीर्ण  समुद्र  किनारपट्टी समुद्राच्या लाटांवर  खेळणाऱ्यांना  आणि समुद्र  उत्साहितांना  वर्षभर आनंदीत  ठेवण्यासाठी करते   ",pos
"﻿आनंददायी  रेस्टॉरंटस् ,  अविश्वसनीय थिएटर ,  आणि तसंच  उत्तेजित  करणारं रात्रीचं जीवन यामुळे मॅनाउस नक्कीच  भेट देण्यायोग्य आहे बेलेमचं स्थानही  ब्राझीलच्या उत्तरपूर्वेला सोयीस्कर  आहे  प्रत्येक उत्सव  ब्राझीलच्या सांस्कृतिक  विविधतेचं  दर्शन घडवितो युरोपातील  देश  ,  विशेषतः  फ्रान्स  ,  स्पेन  आणि पोर्तुगालने  पार्ट्या देऊन ,  मुखवटे  घालून आणि रस्त्यात  नाचून  आभार  मानतात  सर्व  ,  तिन्ही वसाहतवादी देशांनी  ही परंपरा  आपल्यासोबत नवीन  जगात नेली ,  पण ब्राझीलमध्ये ती वेगळ्या  पद्धतीने  अवतरली  पोर्तुगीजांना  सोडून दिलेल्या मौजेची हौस  होती  ,  त्यांनी एन्ट्रुडो आणले  ,  ज्यात आनंद  साजरा करणारे लोक  एकमेकांच्या चेहर्‍यावर  पाणी आणि इतर  अनेक  वस्तू  फेकतात  ",pos
"﻿ संपूर्ण  ब्राझील  घोडेस्वारीच्या  जागांसाठी घोडेस्वारांना  भरपूर  पर्यायांद्वारे  आनंद  देतो  अशा बलवान  प्राण्यांशी  आलेल्या संबंधांचा आनंद  आणि हर्षउल्हास अनुभवताना  तुम्ही अधिकाधिक  भागांना  भेटी देऊ शकता  युनेस्कोने पॅंटानालला ,  विश्व जीव - क्षेत्र केंद्र आणि विश्व मानवी वारसा स्थळ या दोन्ही  नावांनी  नामांकित  केले  आहे  जगातल्या  सर्वात मोठया आर्द्र  क्षेत्र  असण्याबरोबरच पँटानाल भव्यतेच्या  अनेक  प्रकारच्या  मानांचा  दावा  करू शकतो  पँटानालमध्ये अमेरिकेतील  प्राणीजातीचे अनेक  प्रकारसुद्धा  आढळतात  ,  ज्याकारणाने ट्रांसपंटानेअरा हायवे  हा सर्वात जास्त पूल  आणि जगातला  सर्वात मोठा  खुला  प्राणीसंग्रह ,  जगातला  सर्वात मोठा बोट - फिशिंग उत्सव ,  आणि वन्यजीवन पाहण्यासाठी  संपूर्ण  ब्राझीलमधील उत्तम  जागा  म्हणून “गिनिस बुक ऑफ वर्ल्ड रेकॉर्ड” मध्ये दाखल झाला  आहे ",pos
"﻿विक्षिप्त चांद्रीय भूरचना आणि विशाल  एटलांटिकपासून चक्रव्यूहासारख्या गुंफा  आणि स्फटिकासारखे निर्मळ  जलमार्ग  यातून आयर्लंडच्या चित्तथरारक  सौंदर्याचा  शोध  घ्या  थबकवणारी नाट्यमयता असणार्‍या बुरेनच्या अद्वितीय  रमणीय  भूप्रदेशात वळणे  घेत जाणार्या प्रवाहात  खळखळत्या झर्‍यांच्यामध्ये असणारे मैलांवर  पसरलेले चुनखडीचे दगडाचे स्तर हे सर्व   समाविष्ट  आहेत   कॉजवे(युनेस्कोने जागतिक वारसा जाहीर केलेले स्थळ ) म्हणजे अंत्रिम पठाराच्या  कपारीपासून थेट  समुद्रापर्यंत असणारा घट्ट  बसाल्टच्या स्तंभांचा एक भुरळ पाडणारा संग्रहच  आहे  उत्कृष्ट  नैसर्गिक  देखावे   , प्रचंड  संख्येतील  वन्यजीवन आणि मधे मधे असणार्‍या सुंदर  गावांनी  समृद्ध  झालेला  शेन्नोन अर्ने जलमार्ग  युरोपमधला  प्रवास  करण्यायोग्य असा सर्वात लांब  जलमार्ग  आहे आणि निसर्गप्रेमी ,  बोटिंगची हौस असणारे आणि शांत जीवन पसंत  असणार्‍यांसाठी तो स्वर्गच आहे  एकाकी  आणि दूरवर  असणारी ,  आयर्लंडची बेटे  पौराणिक  सौंदर्य  ध्वनित करतात  आणि सर्वांपासून दूर सुट्टी  घालविण्याच्या  शोधात  असणार्‍यांसाठी उत्कृष्ट  अज्ञात  ठिकाणे  आहेत ",pos
"﻿ आयर्लंडला विपुल  जलसाठा असलेल्या सुंदर  लोफ निघ ,  आयर्लंडमधला सर्वात मोठा  तलाव  ,  फर्मानाघ तलावाची जागा लो रिया ,  लो एलेन आणि लो कॉरिबलो डेर्गलो इरने अशा तलावांचे  वरदान लाभले आहे  वैभवशाली निसर्गसौंदर्याच्या शोधात  भटकायला  विसरून  जा कारण  ,  आयर्लंडमध्ये जेथे  कोठे तुम्ही नजर  टाकाल तेथे  तुम्हाला थक्क करणारी भूरचना आणि खरोखरीच्या निसर्ग सौंदर्याचा प्रवास  घडेल  जरी  एक लहानस बेट  असलं तरी  ,  आयर्लंड  आनंद  घेण्यासाठी नैसर्गिक  सौंदर्याच्या  विविधतेनं  भरलेलं आहे तुम्ही स्वतःला (मस्तक ) उत्कृष्ट  अशा स्वयंपूर्ण  अपार्टमेंटस् आणि घरे  ,  आलिशान  गेस्टहाऊस आणि दर्जेदार हॉटेल्स येथेही  स्थिरावू शकता   तुम्ही जर  दूषित  देशातून  आला नसाल तर  लसीकरण  सक्तीचे नाही  किंवा आवश्यकही  नाही  अमेझॉनच्या नैसर्गिक  भव्यतेबरोबरच  ,  असाधारण  थिटेपणाच्या भावनेने  भारले जाण्यास तयार रहा ",pos
"﻿आयर्लंडच्या अत्युच्च पर्वतांच्या  उत्तुंग  शिखरांपासून  ते वळणे घेत जाणार्‍या शांत  शानॉन नदीपर्यंतच्या  प्रेक्षणीय  नैसर्गिक  देखाव्यांचा  आनंद  घ्या  आयर्लंडच्या आश्चर्यकारक  वन्यप्रदेशाच्या सभोवती तुम्हाला ह्या आयुष्यभरात विसरता येणार नाही असा तुमचा स्वतःचा अद्वितीय  प्रवास  एका  सहलीसह  घडवून आणा त्या सप्टेंबर  २००६मध्ये युरोपीय संघाच्या  किलडेर काउंटीतल्या के क्लबमधील जोरदार  आणि भावनात्मक विजयाची  जिने प्रेरणा  दिली अशा भूमीबद्दल  आणखी  शोधून काढा नाट्य निर्मितींपासून  ते गावातील  ऐतिहासिक  घरांपर्यतच्या सांस्कृतिक  कार्यक्रमांच्या  एका  समृद्धतेचा आनंद  घ्या आयर्लंडच्या मौल्यवान  समृद्ध  अशा अन्नपदार्थांच्या  कोठीची पहाणी करा व अप्रतिम  ताज्या  पैदासीची विविधता ,  आणि युरोपमधील  उत्त्कृष्ट आकर्षक  मेजवान्यांपैकी काहींचा शोध घ्या तेथे  लहान  मुलांसाठीचे  खेळांपासून  ते कला  आणि पाकशास्रापर्यंतचे विशेष  उपक्रम असलेले अनेक  गट  असतात  तेथील सागरी  पदार्थांसाठी  रास्तपणे  प्रसिद्ध  असल्याने ,  धुरी दिलेला सालमन ,  धुरी दिलेला मासा  कालवे  ,  काळ्या  शिंपल्यातील  कालवे  आणि खेकडा  हे यादीत  सर्वांत वर असतात ",pos
"﻿ भव्य  तारागड किल्ला तेथील वास्तुशास्त्रीय सौंदर्य  आणि विशाल  दरवाज्यांसाठी  प्रसिद्ध  आहे भारत ,  अजमेरच्या  ऐतिहासिक  प्रवासाच्या  दरम्यान  तुम्हाला मीरान साहेब की दर्गाला भेट देण्याची संधी  मिळते जो तारागड किल्ल्याच्या आत  स्थित  आहे येथील समृद्ध  वनस्पती  ,  लोकसंख्येतील  विविधता  आणि जैवविविधता ह्यांनी भारतात याला एक काव्यात्मक  रमणीय  असे पर्वतीय क्षेत्र  बनविते भारतातील थंड हवेच्या ठिकाणाच्या या अद्भूत  अशा नैसर्गिक  आणि पाषाणयुगातील भ्रमणासाठी  सहलीची  व्यवस्था  इंडिया ट्रॅव्हल डेस्टिनेशन करते   हे प्रदर्शन  लोकांच्या  विविध  समूहांची  एक झलक  आहे आणि हे विशाल  विविधतेचे  फक्त  एक छोटेसे ओझरते  दर्शन  आहे जे एकत्रीतपणे भारतातील या अद्वितीय  थंड हवेच्या ठिकाणी येणार्‍या पर्यटकांची  वाट पाहतात इंडिया ट्रॅव्हल डेस्टिनेशनच्या कार्यक्रम  पत्रिकेतील  अन्य  आकर्षणांमध्ये बौद्ध  प्रार्थनास्थळे  ,  तवांग बौद्ध मठ आणि अतिशय  लोकप्रिय  असलेले  परशुराम कुंड हे आहेत ",pos
"﻿आयरीश संस्कृतीने  विकसित  होण्यासाठी हजारो  वर्षे  घेतली आहेत ,  म्हणून  आपण आपल्या सांस्कृतिक  शोधाचा  प्रत्येक  क्षण  हृदयात  जतन  करून  ठेवा राहण्याच्या उत्कृष्ट  दर्जाच्या  सोयीं  बरोबरच ,  सुखकर  वातावरणाच्या  खाजगी  घरात  असताना ,  आपण आयरीश न्याहारीची मेजवानी करू  शकता शिणलेल्या  डोक्याला  विश्रांती  देण्यासाठीची ही सुयोग्य ठिकाणे  आहेत शहरातील  केंद्रे  आणि दुर्गम  ग्रामीण  स्थळे  ह्यांमध्ये ,  अंदाजपत्रकानुसार  प्रवास  करणाऱ्यांसाठी ,  आयरीश वसतीगृहे  ही स्वस्त  आरामदायी ठिकाणे  आहेत राहण्याच्या डौलदार  शहरी  विश्रामस्थानांपासून गावभागातील भव्य  एकांतवासाच्या ठिकाणांपर्यंत  ,  नानाविध प्रकारची  उत्कृष्ट  उपाहारगृहे आयर्लंड  अभिमानाने  मिरविते एखाद्या वेगळेपणा  असलेल्या राहण्याच्या ठिकाणी  प्रवेश  करा  आणि एका  आयरीश ढंगाच्या  उत्तम  दर्जाच्या  आदरातिथ्याचा आनंद  घ्या ",pos
"﻿ जरी  तुम्ही शहराच्या  मध्यवर्ती  असणाऱ्या आलिशान घरात  आरामात  वेळ  घालवू इच्छिता ,  किंवा एका  खाजगी  बेटावर  एका  सुरेखश्या लॉजमध्ये निसर्गाशी हितगूज करू इच्छिता ,  स्वतः  स्वयंपाक  करण्याचा  पर्याय  निवडलात ,  तर तुमचे स्वातंत्र्य  नक्की  आहे तेथील उत्तम  उपाहारगृहे ,  नजाकतदार बुटीके ,  विख्यात  पब ,  सुंदर  कलादालने ,  हिरवीगार शहरी  उद्याने  दिमाखदार शिल्पकला ,  मोहित  करणारा  आणि प्रक्षुब्ध इतिहास  तसेच  आयरीश समुद्राच्या काठी  स्थिरावलेले नैसर्गिक  देखाव्याचे  ठिकाण  ,  ह्यांच्यामुळे डल्बिन उत्साहाने  धडधडते आहे पारितोषिक  प्राप्त  मनोऱ्याच्या  वस्तूसंग्रहालयापासून उत्तम  उपाहारगृहे ,  उत्साही  पब ,  उत्कृष्ट  दुकाने  आणि फॉईल नदीच्या  पलिकडील नैसर्गिक  देखाव्याची  दृश्ये  येथपर्यंत ,  ह्यांमुळे लंडनडेरी हे शहरविरामाचे विस्मयकारक असे ठिकाण  आहे गॅलवे शहर  हे निव्वळ  आयर्लंडच्या सुंदर  शहरांपैकी  एक  नाही ,  ते सर्वांत सामाजाभिमुख शहरांपैकीदेखील  एक  आहे एक  निवांतसे बोहो भावजीवन व एक  कमालीचे अद्वितीय  वातावरण  ह्यांसह ,  आयर्लंडच्या पश्चिमेकडील  हे शहरी  सौंदर्य  तेथील नवलाईचे  पब ,  अद्भुत  नैसर्गिक  शोभा  उत्कृष्ट  उत्सव आणि सागरी  पदार्थांची  अद्भुत  उपाहारगृहे ह्यांच्या संयोगाने  वरचढ  ठरते  ",pos
"﻿ एक  निवांतसे बोहो भावजीवन व एक  कमालीचे अद्वितीय  वातावरण  ह्यांसह ,  आयर्लंडच्या पश्चिमेकडील  हे शहरी  सौंदर्य  तेथील नवलाईचे  पब ,  अद्भुत  नैसर्गिक  शोभा  उत्कृष्ट  उत्सव आणि सागरी  पदार्थांची  अद्भुत  उपाहारगृहे ह्यांच्या संयोगाने  वरचढ  ठरते  तुम्हाला कला  आणि संस्कृतीची  आवड  असेल तर तुम्हाला लिमेरीक आवडेल शहराच्या  खास  माहौलाच्या मध्ययुगीन भागाप्रमाणेच राजा  जॉनचा नवलाईचा  किल्ला  आणि लिमेरीक वस्तुसंग्रहालय लिमेरीक हे उत्कृष्ट  अशा हंट वस्तुसंग्रहालयासाठी प्रसिद्ध  आहे ,  जे कला  आणि प्राचीन  मौल्यवान  चिजा  ह्यांच्या आयर्लंडमधील सर्वात मोठ्या खाजगी  संग्रहाचे  ठिकाण  आहे एक  मध्ययुगीन लहेजा ,  जगप्रसिद्ध  विनोदी  उत्सव आणि खरोखरच  चांगले  पब ह्यांच्यासह किलकेन्नी शहरसुद्धा  नक्कीच  सहलीस  योग्य  आहे ह्याचबरोबर वॉटरफोर्डचे पुरातन  वाइकिंग शहर  हे तेथील अविश्वसनीय  स्फटिक  लाईट ऑपेरा उत्सव आणि खाणे  ,  पिणे  व मौजमजा करण्याच्या  सुखद  जागा  ह्यांनी जगभर छाप  पाडत असते  आयर्लंड  हे कमालीचे लोकप्रिय  चित्रिकरणस्थळ आहे ",pos
"﻿ आयर्लंडच्या बेटावर  खूप  मोठया प्रमाणावरील  सवलती  उपलब्ध  केलेल्या आहेत एक  चैतन्यमय नाट्यमाहौल ,  ऐटबाज  ऐतिहासिक  घरे  व बागा  एक  समृद्ध  साहित्यिक  इतिहास  आश्चर्यकारक  दालने  आणि संग्रहालये  ह्यांसह आयर्लंडचे पूर्वीचे  व सध्याचे  लेखक  सर्व  जगभरात प्रसिद्ध  आहेत आणि ह्या देशाची  साहित्यिक  संस्कृती  ही पबपासून ते ज्यांनी थोरांपैकी  काहींना प्रेरणा  दिली अशा दूरवरच्या  ग्रामीण  ठिकाणांपर्यंत  सर्वत्र  जाणवते कॅरिक्मॅक्रॉस लेसपासून आयर्लंडच्या संत  आणि विद्वानांपर्यंत सर्व काही  साजरा करणारी  असंख्य  आश्चर्यकारक  संग्रहालये  देशभरात विखुरलेली  आहेत काऊंटी टायरॉनमधील अल्सटर अमेरिकन  लोकउद्यान ही अल्सटरपासून अमेरिकेपर्यंतच्या  १८व्या आणि १९व्या शतकांतील  स्थानांतराची कहाणी  सांगणारी  ,  भेट  देण्यासाठीची एक  मोहक  जागा  आहे अॅब्बी आणि गेट ,  ऑलिंपिया आणि गेईटी ह्यांसारख्या नाटयगृहांतील उत्कृष्ट  निमिर्तींचा ,  तसेच  अँड्र्यूज लेन थिएटर  ,  प्रॉजेक्ट आर्टस् सेंटर ,  हेलीक्स आणि सीव्हिक नाट्यगृह  ह्यांच्यासारख्या नावाजलेल्या  स्थळांमधील  खेळांच्या  एक  झुंबडीचा एक  असामान्यपणे  सजीव  असा नाट्य - परिसर डब्लीनला लाभलेला आहे  ",pos
"﻿ सिंगापूरमधील संपन्न  वारसा  आणि खाद्य  संस्कृतीचा  शोध  घेणारी एक  खाद्य - सफर करणे  हीच कदाचित  अगदी  तुमच्यासाठी अगदी  योग्य  अशी गोष्ट  ठरेल  चाईम्स हॉल  हे एक  जीर्णोद्धार  झालेले प्रार्थनामंदिर ,  संगीत  कार्यक्रम  जलसे  नाट्यकलेचे प्रयोग  आणि विवाह  ह्यांच्यासाठी श्वास  रोखून  धरायला लावणारी एक  पार्श्वभूमी  पुरविते १८९४मध्ये बांधलेली  ,  लाऊ पा सात ही आग्नेय  आशियातील  टिकून राहिलेली सर्वांत मोठी  अशी नाजूक नक्षीदार  ओतीव  लोखंडाची  व्हिक्टोरीयायी रचना  आहे आर्मेनियन स्ट्रीटवर असलेला  पहिला  भाग (एसीएम १) हा काटेकोरपणे  पुनर्स्थापित केलेली  १९१०पासूनची नव - पारंपरिक इमारत  आहे बुकित तिमाह नेचर रिझर्व्ह पाहून  ,  अनेकांना हे समजून  आश्चर्य  वाटेल  की ,  सिंगापूर  हे छोटेसे  शहर - राज्य ,  आपल्या सीमारेषांमध्ये प्राथमिक  वर्षावनाचे एक  महत्त्वाचे  क्षेत्र हे चायनीज गार्डन ,  स्थापत्य व निसर्गदृश्यकलेच्या उत्तर - चीनमधील शाही  शैलीत  आकारलेले  आहे हिल स्ट्रिटमधील अर्मेनियन चर्चला  सिंगापूरमधील सर्वात जुने  चर्च  म्हणून  मान  दिला जातो १८३५मध्ये बांधलेले व वसाहतकालीन वास्तुविशारद जॉर्ज कोलमन ह्यांनी रचलेले  हे चर्च  कोलमन ह्यांची सर्वोत्कृष्ट  कलाकृती  मानली  जाते आणि ते इल्युमिनेटर सेंट ग्रेगोरी ह्यांना समर्पित  केलेले  आहे ",pos
"﻿ खाद्यपदार्थ  आणि खाणे  ह्यांचे सिंगापुरीयांना वेडचं  आहे ह्या बहुदेशीय आणि बहुसंस्कृतीयुक्त शहरात  सर्व  जगभरातल्या चवींच्या  सरमिसळी शिवाय  तुम्ही आणखी  कशाची अपेक्षा  करु  शकता  सिंगापूरमध्ये मेजवानी झोडतांना केवळ  पूर्व - पश्चिमेचे मीलनच नसते  ,  तर सिंगापूरच्या बहुसंस्कृतीय वारशाचा  नेमका  अर्क पकडता यावा म्हणून  ह्या देशाच्या  वैशिष्ट्यपूर्ण अशा प्रभावांसह  विणल्या  गेलेल्या अनुपम  सांस्कृतिक  पटाची ती एक  चविष्ट  कहाणी  आहे सिंगापूरला आशियाची  एक  खाद्य - राजधानी म्हणून  त्याला खास  वेगळेपणा  बहाल करणाऱ्या एकमेव स्थानिक  भोजनाकडे  आपला एक  खाद्यप्रवास सुरु करु  या सिंगापूरचे  "" बोहेमियन एनक्लेव्ह ""  हे टोपणनाव  दिले गेलेले हॉलंड  व्हिलेज ,  हे नव्या - जुन्याचे एक  विलक्षण  मिश्रण  असलेली  सिंगापूरच्या जीवनाची  एक  छोटीशी  प्रतिकृती  आहे सिंगापूरच्या अगदी  पूर्वीच्या  सार्वजनिक   -  वसाहतीच्या  स्थावर  मालमत्तेपैकी एक  असलेल्या  तोआ पायोहने अनेक  वर्षांतून  एक  खास  गुणविशेष विकसित  केला  आहे तोआ पायोहः हा विभाग  उपक्रमांनी गजबजलेला  असा आहे आणि स्थानिक  जीवनशैलीत समरस  होण्यासाठी हे एक मस्त  ठिकाण  आहे ",pos
"﻿ ५ डिसेंबर  २००५ रोजी जाहीर केल्याप्रमाणे  टाइम मासिकाच्या आशियाई  वाचकांनी सिंगापूर  हे त्यांचे अत्यंत  आवडते  व्यावसायिक  शहर  असल्याचा  कौल पुन्हा  एकदा  दिला आहे हे पाचवे  वर्ष  आहे जेव्हा  सिंगापूरने हा सन्मान  प्राप्त  केला  आहे सिंगापूरच्या एमआयसीइ (सभा  ,  बक्षिस  प्रवास ,  परिषदा  आणि प्रदर्शने ) सुविधांनी  सुद्धा लागोपाठ दुसर्‍या वर्षी  आशियातील  सर्वोत्कृष्ट  असल्याचा  मान  मिळवला  आहे मासिकाच्या वाचकांनी सिंगापूरच्या चांगी एअरपोर्टला सर्वात आवडत्या  विमानतळाचे  स्थान  दिले आहे  १३ नोव्हेंबर  २००५ रोजी आयोजित  करण्यात आलेल्या ,  पर्यटन उद्योगात जगात  सर्वात प्रतिष्ठेचे  मानल्या  गेलेल्या ,  वर्ल्ड ट्रॅव्हल्स एवॉर्डमध्येही सिंगापूर एअरलाइन्सने सन्मान  प्राप्त  केला बहुतांशी  एशिया - पॅसिफिक मध्ये स्थायिक असलेल्या  वारंवार प्रवास  करणार्‍यांचा समावेश  असलेल्या  मॅगेझिनच्या वर्गणीदारांच्या वार्षिक  मतदानात  सर्वोत्कृष्ट  व्यावसायिक  शहर  म्हणून सिंगापूरने हाँगकाँग आणि लंडनला मागे टाकून सर्वोच्च  स्थान प्राप्त  केले  पाककला प्रात्यक्षिक  आणि चाचणी  वर्गापासून प्रत्यक्ष पाककलेच्या वर्गापर्यंत ,  एट - सनराइस प्रत्यक्ष कामाद्वारे  शिक्षण ,  प्रकटीकरण  आणि आनंद  यांच्या द्वारे आशियाई  पाककलेच्या समृद्धीचे  दर्शन  घेण्याची संधी  देतो  ",pos
"﻿ कलागृहातील अर्ध्या दिवसाचा अभ्यासक्रम  दक्षिण आशियाई ,  दक्षिणपूर्व आशियाई ,  मध्यपूर्व आणि मिश्र पाककलेतील उत्तम  बाबींवर  प्रकाश टाकतोपॅलेट सेन्सेशनचे विस्तारित  आणि विविध  वर्ग  सखोल  शिक्षण  देणारे आहेतच पण मजेदार  ,  सोपे  आणि विना - धांदल आहेत वर्गाद्वारे पारंपरिक  चीनी  औषधांच्या  (टीसीएम) विविध  प्रकारच्या  एन्टी - एजिंग कार्यशाळा चालविल्या जातात ज्या चीनी  वनौषधींचा उपयोग करून  स्वयंपाक  करण्याचे ज्ञान  देतात निव्वळ  पाककला शाळेहून अधिक  असलेली प्रतिष्ठित  रॅफल्स कलिनरी अकादमी  ,  वाइन आणि शिष्टाचार  ,  पार्टी कशी आयोजित  करावी  ,  घरगुती  भोजन  असे विविध  विषय  समाविष्ट  असलेले जीवनशैली  वर्ग त्याचप्रमाणे ऑयस्टर आणि फोई ग्रास गुणग्राहकता यावरही धडे  देते जगाच्या  एका महत्त्वाच्या  नाक्यावर असलेल्या ,  सिंगापूरच्या महत्त्वाच्या  स्थानामुळे  त्याची व्यापार  ,  दूरसंचार  आणि पर्यटन  यांचे महत्त्वाचे केंद्र म्हणून वाढ  होण्यास﻿ मदत झाली  आहे मोकळ्या  हवेत  भोजन  करण्यासाठी  बोट क्वे हे सिंगापूरमधील एक उत्तम  ठिकाण  आहे ",pos
"﻿मलेशियामध्ये हा सणाचा  उत्तम  काळ  समजला जातो – जो सुप्रसिद्ध  रमझान बाजारांमधील उत्साहावरून  लक्षात येतेमलेशियाच्या प्रत्येक गल्ली  आणि कानाकोपर्‍यात घडणारी ही घटना  सर्वात महत्त्वाच्या  वार्षिक  घडामोडींपैकी  एक मानली जाते	सर्व  प्रकारचे  ,  विविध  रंगाचे  ,  सुवासिक  अन्नपदार्थ  आपल्या संवेदना  उत्तेजित  करतात  अनेक  भाताचे  प्रकार  जसे ‘ नसी डगँग , ’ ‘ नसी केराबु’ आणि ‘ इकन व अयम पेरसिक’ सारखे  भाजलेले  पदार्थ  तसेच  भरपूर  रसदार  ‘लक्सम’ या पूर्व किनारपट्टीच्या राज्यांचे काही  खाद्यपदार्थ  आहेत हॉटेल  व दुकानांच्या  समुहात विक्री  व प्रसिद्धीत  वाढीसाठी  ऐदिलफित्रीच्या शोभा  देणार्‍या वस्तूंनी  सजवले  जातातनंतर  ,  मौज आणि फटाक्यांची  आतषबाजी करणार्‍या मुलांसह उत्सवी लहर पूर्ण  जोशामधे  उसळी घेते ",pos
"﻿मलेशियाच्या समृद्ध पर्यावरणात कीटक  व वनस्पती  ह्यांच्या विविध  प्रजाती विपुल  प्रमाणात  आढळतात  अनुभवी  गिर्यारोहक  हे राष्ट्रीय  उद्याने  व राखीव जंगले  ह्यांमध्ये अधिक  अवघड  असलेले  भ्रमंतीमार्ग निवडू  शकतात पेनीस्युलर मलेशियात राहणार्या  जवळजवळ  ६०० प्रजातींमुळे व बोर्नियोतील सुमारे  ५८० प्रजातींमुळे पक्षीनिरीक्षकांसाठी मलेशिया  हे एक  नैसर्गिक  आकर्षण  ठरले  आहे तमान नेगारा हे आणखी  एक  चित्ताकर्षक  स्थान  आहे  मलाक्कामधील तांजुंग तुआन हे एक  पसंतीचे  स्थळ  आहे जे जगभरातील पक्षीनिरीक्षकांना आकर्षित  करते  ,  ज्यांना ह्या पक्ष्यांचे  एक  ओझरते  दर्शन  व्हावे  अशी आशा  असते  थाईपुसम हा एक  प्रेक्षणीय  उत्सव आहे जो जानेवारीच्या शेवटी  किंवा फेब्रुवारीच्या सुरुवातीला असतो  ,  व तो सुब्रह्मण्यम् देवाचा  एक  सोहळा असतो ",pos
"﻿ जे पर्यटक  या भागात यात्रा  करतात  ते या सुंदर  मशिदीला  पाहण्यासाठी  वारंवार येत असतात  भारतीय  आणि इस्लामिक स्थापत्यशैलीचा वैशिष्ट्यपूर्ण संगमाचे हे एक उत्कृष्ट  उदाहरण आहे या मशिदीच्या  मिनार आणि खांबांवर  उत्कृष्ट  स्थापत्यशास्त्रातील कौशल्य आणि अचुकतेची  उदाहरणे आहेत भव्य  तारागड किल्ला तेथील वास्तुशास्त्रीय सौंदर्य  आणि विशाल  दरवाज्यांसाठी  प्रसिद्ध  आहे भारत ,  अजमेरच्या  ऐतिहासिक  प्रवासाच्या  दरम्यान  तुम्हाला मीरान साहेब की दर्गाला भेट देण्याची संधी  मिळते जो तारागड किल्ल्याच्या आत  स्थित  आहे इंडिया ट्रॅव्हल डेस्टिनेशन , यात्रा  मार्गदर्शक  ,  उत्साही  आणि इच्छुक  पर्यटकांना  शोधासाठी  आणि भाग  घेण्यासाठी भारतात उंटांच्या  शर्यतींच्या शानदार  स्थळाचे  आयोजन  करते  जो भारतातील साहसी  पर्यटनाचा  एक लोकप्रिय  आविष्कार  आहे भारतातील उंटांच्या  सफारी मूलतः राजस्थानी  खासियत  आहे इंग्रजी  भाषेत  सफारी या शब्दाचा  अर्थ  आहे लांबचा  प्रवास  , सतर्क  यात्रीला सुव्यस्थित रोमांचक  अनुभव  देण्यासाठी  अंतरासह  एका निर्जन  जागेत  एक लांबची  यात्रा  करायची  असते  जो भारतात साहसी  पर्यटनाचा  एक अद्वितीय  दृष्टिकोन आहे  उंटाची सफारी फक्त  भारतात राजस्थानातच केली जाते  , बिकानेर  आणि जेसलमेर  या पारंपरिक  आणि ऐतिहासिक  शहरांमध्ये  पोहचण्यासाठी  उपयुक्त  आहे ",pos
"﻿ (जेष्ठांच्या) आज्ञेप्रमाणे  दारुकामव व फटाके  वाजवल्यामुळे  लहानथोर दोहोंनाही मजा आणि हास्य  ह्यांचा लाभ होतो घरे  कार्यालयांच्या  इमारती  व खरेदी  संकुलाच्या ठिकाणी  सिंहनृत्याचे थरारक  प्रयोग  पाहायला  मिळू शकतात हा ‘सिंह ’ जेथे  जाईल तेथे  त्याच्याबरोबर सुदैव  व समृद्धी  घेऊन येतो असा विश्वास  आहे मेजवान्यांमध्ये ,  नृत्यांमध्ये  भाग घेण्यासाठी  व हा अनोखा  सांस्कृतिक  आनंदोत्सव पाहण्यासाठी  पाहुण्यांचे  स्वागत  असते  ‘सित्रवर्ण मलेशिया ’ किंवा ‘कलर्स ऑफ मलेशिया ’ ह्या संकल्पनेवर  आधारित अशी एक  प्रेक्षणीय  मिरवणूक  होय ३१ ऑगस्ट  रोजी मलेशियाचा राष्ट्रीय दिन देशभरातील प्रमुख  शहरांमध्ये  रंगीबेरंगी  संचलने  सादरीकृत कला ,  आणि स्पर्धा इ सह मोठ्या  प्रमाणावर साजरा केला जातो ",pos
"﻿ ह्या सौहार्दपूर्ण व मोहक  लोकांच्या  देशात  आपल्याला एकाच  ठिकाणी  संपूर्ण  आशियाचा  अनुभव  मिळतो मलेशिया  हा रबर  पाम तेल  लाकूड  व कथल ह्यांच्या जगातील  सर्वांत मोठ्या उत्पादकांपैकी  एक  आहे जंगलातील  भटकंती  एक  फलदायी  व परिपूर्ण अनुभव  देऊ करते विविध  कठीण  पातळ्यांवरील पायवाटा  ,  आणि व्यवस्थित आखलेल्या भरपूर  सहली  ,  मनोरंजक  व शैक्षणिक  कार्यक्रम  आहेत  थुंग याइ नरेसुअन आणि ह्युआइ खा खेंज अभयारण्य या जागतिक  वारशाच्या ठिकाणांना  भेट द्या , गवताळ प्रदेशामध्ये फुलांना  बहर  येतो ,  आणि संपूर्ण  गवताळ प्रदेशाचा विस्तार  ह्या नाजुक फुलांच्या  गडद  रंगछटांनी चमकताना  तुम्हाला दिसेल  भटकंती  करताना  थायलंडच्या  अशोधित जंगली  प्रदेशाच्या  ताज्या हवेत व अप्रतीम  निसर्गदृष्यांत तुम्ही एकाच वेळी मन  व भावना  हलक्या करु शकता  आणि सर्वांगसुंदर व्यायाम  घडवू शकता  लोमसॅकच्या वाटेवरील फितसानुलोक पासून ८० किलोमीटरवर  असलेले थुंग सालेंग लुआंग राष्ट्रीय उद्यान त्याच्या वृक्षहीन मैदानांसाठी प्रसिद्ध  आहे जे रानफुलांचा मोसमात  (जुलै   -  ऑक्टोबर ) रंगांनी तेजोमय  होतात  ",pos
"﻿ हा पर्वत  राष्ट्रीय उद्यानाचाच एक भाग आहे आणि दुर्मिळ  ऑर्किड ,  पक्षी व शेपटीवाली कासवे किंवा ताओ पुलु सह वन्यजीवांचे नैसर्गिक  आवास  आहे फु लुआंग ,  ऊर्फ  "" ईशान्येचा पाचू ""   त्याच्या जैवविविधतेसाठी प्रसिद्ध  आहे वन्यजीवांच्या प्रवासी मार्गापासून सुंदर  धबधब्याकडे जाणारे पन्नास  मार्ग  आहेत सामुइमधील कित्येक  सहल संयोजक सामुइ व अँग थाँग द्वीपसमुह या दोन्हींकडील गिर्यारोहणाचे खूप  सारे विशेषज्ञ  आहेत ही नाविन्यपूर्ण आणि पर्यावरण - मैत्री वाढवणारी  पद्धत  गावासाठी  अद्वितीय  आहे थाँग फा फुम आणि संखलाबुरीच्या पर्यटकांमध्ये  जंगलामधून  केलेली हत्तीवरील सवारी प्रसिद्ध  आहे कारेन संख्येने  जास्त  आहेत आणि ते आरामशीर व मैत्रीपूर्ण  आहेत चिआंग राइमधील डोंगरजमातीच्या भटकंती  सुद्धा चालणे  ,  हत्तीच्या पाठीवरील सैर व तराफ्यामधून सफर एकत्रितपणे देतात ,  आणि डोंगरजमातीच्या गावामधे  विश्रांती  किंवा रात्रीच्या  मुक्कामाचा  समावेश  करतात  दोइ माए उकोर ही खुन युम जिल्ह्यातील  माए हाँग सोनमधील  चालण्याची  एक उत्तम  पाऊलवाट  आहे ",pos
"﻿१७ उपपातळ्या असलेला हा मध्यम  आकाराचा  धबधबा फ्राई सावन धबधबा आरामासाठी  आदर्श आहे आकर्षक  वैशिष्टये असलेली  ही मांडी घालून बसलेली ४ - मीटर उंच  प्रतिमा  असून त्याच्या मांडीची रूंदी  ३२९ मीटर  आहे ती माराला शांत  करण्याच्या  भावाला  दर्शिवते  २५० राइच्या क्षेत्रात  पसरलेले खुआन तामनक चान सार्वजनिक उद्यान आकर्षक  वातावरण  आणि समुद्र  वा काटंग जिल्ह्याचे भव्य  दृश्य  प्रस्तुत करतो  ट्रांगमधील एक  अतिशय  सुंदर  असलेलं बेट   आहे को लिबाँगमधून पर्यटकांना  को चाओ माई आणि चाओ माई केपचं चांगलं  दर्शन घेऊ शकतात  मुख्य  भूमीवरील  हाट चांग लांगच्या जवळजवळ समोर  असलेल्या बेटावर  ,  पोहण्यासाठी  आणि शिबिरासाठी  आणि बेटाच्या  भोवताली असलेली सुंदर  प्रवाळे  पाहण्यासारखी  सोयीस्कर  असे निर्दोष  किनारे  आहेत जे शोध  करण्यायोग्य  आहेत ",pos
﻿निसर्गाचा जवळून  अभ्यास  करण्यासाठी  ती आदर्श  आहे आराम  करण्यासाठी किंवा रात्रभर शिबिरसाठी  अत्यंत  शांत  योग्य  ठिकाण  आहे  बेटावर  अनेक  आकर्षक  आणि शांत  किनारे  आहेत जे आराम  करण्यासाठी  आदर्श आहेत तांबोन साई  थाई येथे  असलेली स्टॅलॅग्टाईट व स्टॅलॅग्माईटची एक  सुंदर  गुहा  सातुन प्रांतामध्ये  हिरवीगार जंगले  आणि डोंगराळ जमीन  असलेली विख्यात  चित्रवत बेटे  आहेत शेजारची  अंदाग बेट  हे जंगल  टेकड्या  व धबधबे  ह्यांमुळे फारच  मोहक  आहेत जेथे  फक्त  पाण्यातूनच  जाता येते अशा रम्य  एमराल्ड केव्हसारख्या संस्मरणीय  पर्यटन  स्थळाला  भेट देणे हा त्रांगमधला हा एक  लक्षणीय  अनुभव  ठरेल सांस्कृतिक  वारशात  मिसळलेली  आनंददायी  आकर्षणे  असलेले त्रांग प्रांत  त्यातील असंख्य  जंगले  पर्वत  व धबधब्यांमुळे  खरोखरच  एक  मोहक  उदयोन्मुख असे पर्यटनाचे  ठिकाण  होत आहे पान - या हाऊस म्हणजे त्रांगमधील स्थानिक  घरांची  शैली  जी त्रांग शहराच्या  वास्तुकलेच्या वारशाची  कल्पना  देऊ करते ,pos
"﻿ खाओ पिना – एक  अद्वितीय  पर्वत  – वरपर्यंत  पोकळ  असून तो पालथ्या कढईसारखा  दिसतो फांग - नगा उपसागर  हा दुर्मिळ  अशा पोहणार्‍या  इंग्वानांसह जगातल्या  सर्वांत दुर्मिळ  जलजीवांपैकी काहींचे आगर ठरतो वाहू आणि बाराकुडा ह्यांसाठी विक्रमी  संख्येने  गळ लावतात तेव्हा  स्पर्धा  विशेष  लोकप्रिय  असतात सेलफिश ,  ब्लॅक ,  मार्लिन ,  वाहू आणि ट्यूना ह्यांमुळे सर्वोत्कृष्ट  अशा स्नॉर्केलिंगसह नवशिके  आणि अनुभवी  मासेमार ह्या दोघांनाही एक  चांगला  पर्याय  मिळतो आपल्या स्वतःच्या अशा मडमी रचना  निर्माण  करणारी अनेक  खेडी  असलेल्या ईशान्येकडील  रेशीम  उद्योगाचे  खोन काएन हे केंद्र  आहे चोन्नाबोट हे तेथील दर्जेदार रेशमासाठी  विख्यात  आहेमुख्यतः  पठारी  आणि डोंगराळ प्रदेशाचे  असे २५ , ४९४ चौरस  किलोमीटरांचे  एक   क्षेत्र  व्यापणार्‍या  खोरातमध्ये चित्तवेधक परंपरा  मोहक  आदरातिथ्य  विलोभनीय  निसर्गशोभा आणि थक्क  करणारी ऐतिहासिक  स्थळे  आहेत ",pos
"﻿ मु को हाँग बेटांवरील  आकर्षणांमध्ये  सुंदर  समुद्रकिनारे ,  उथळ  आणि खोल  पाण्यातील  प्रवाळखडकांच्या ओळी  ,  आणि निरनिराळ्या प्रकारचे  मासे  ह्यांचा तर  लोकप्रिय  उपक्रमांमध्ये स्नॉर्केलिंग ,  स्कुबा डाईव्ह ,  मासेमारी  समुद्रात कनू चालविणे  आणि को होंगच्या सभोवती ,  ४०० मीटर  भटकंतीच्या  पाउलवाटेवर  निसर्गाचा अभ्यास  करणे ह्यांचा समावेश  होतो अबुनमध्ये ,  अद्वितीय  अबुन प्रतीभेबरोबर खूप  सारे आकर्षण ,  उत्सव  आणि सुट्टी  साजरा केले  जातात बँकॉक  शहराने  प्राचीन  आणि आधुनिक  जग  ह्यांना एकत्र करण्यात चकित  करणारे यश प्राप्त  केले  आहे बँकॉक  आपल्या पर्यटकांसाठी  केवळ मोठ्या  शहरांकडून  आशा  केल्या जाणार्‍या जागतिक  रमणीयता  उपलब्ध  करत नाही  तर सांस्कृतिक  आकर्षणाचा अद्वितीय  संपन्नतेचा खजिनासुद्धा प्रस्तुत करतो  चिअंग मायचे समृद्ध  पारंपरिक  ऐश्वर्य  आणि अद्वितीय  संस्कृती  ,  शहराच्या  विकासासाठी  एक उपयुक्त  आधार आहे मनोहर  दृश्याबरोबर  विभिन्न जातीच्या समूहामधील  विविधतेचा  कुतूहल  चाअंग माइला आशियाच्या  प्रमुख  आकर्षक  पर्यटन स्थळांपैकी एक बनवते  ",pos
"﻿ राष्ट्रीय उद्यानाने हा प्रांत  समृद्ध  आहे जे अनेक  आकर्षक  स्थळांसह  नितांतसुंदर असा निसर्ग आहे समुद्र होडीच्या  आदर्श प्रवासामध्ये खूप  सारी आकर्षक  गुंफा  त्यांच्या भू - गर्भीय प्रणालीचा शोध  करण्यासाठी  अतिशय  उत्कृष्ट  स्थान  आहे याशिवाय जागतिक  दर्जाच्या  आश्रयस्थळापासून उष्ण कटिबंधातील बंगल्यांसारख्या  सर्वांना परवडेल अशा राहण्याच्या  सुविधा  पर्यटकांच्या  विविध  गरजा  पूर्ण करीत  असतात  चित्ताकर्षक  असे सिडनीचे 'ओपेरा हाऊस' आणि 'सिडनी हार्बर ब्रिज ही अभिमानास्पद व मनोरंजक  ठिकाणे  आहेत ,  तरीही तेथे  देण्यासारख्या अशा अजून  बऱ्याच गोष्टी  आहेत व्हिक्टोरियाची राजधानी  व एक  सांस्कृतिक  केंद्र  असलेले मेलबोर्न हे शहर  फॅशन  ,  खाद्यपदार्थ  ,  करमणूक  आणि क्रीडा  अशा जीवनातील  चांगल्या  गोष्टींसाठी  ओळखले  जाते दक्षिणी ऑस्ट्रेलियाचा मध्य - उत्तरी प्रदेश  हा 'क्लेर् व्हॅली'ची वाईन  निर्मिती  केंद्रे  ,  जागतिक  दर्जाच्या  मेंढ्यांची  पैदास आणि नैसर्गिक  सौंदर्य  ह्यांसाठी प्रसिद्ध  आहे क्वीन्सलँडच्या होरपळणाऱ्या  केंद्रस्थानाचा शोध  घ्या – हा मधेमधे शहरे  आणि चराईची विशाल  कुरणे  असलेला ३००० किलोमीटरांचा  जिव्हई दिल्यासारखा प्रदेश  आहे जिथे  ऑस्ट्रेलियाचे खरेखुरे ग्रामीण  आतिथ्य  अजूनही  बऱ्याच प्रमाणात  जिवंत  आहे ",pos
"﻿ पर्थपासून ते निंगालू रीफपर्यंतची चिंचोळी  किनारपट्टी ही पृथ्वीवरील  सर्वात आश्चर्यकारक  अशा सागरी  जीवांचे  माहेरघर आहे 'ल्यूविन - नॅचरलिस्ट' पर्वतरांग  'मार्गारेट' नदी  कॅरी दरी  व पेंबर्टन् ह्यांचा शोध  घ्या आणि येथील वन्य  जीवन  ,  प्रेक्षणीय  सृष्टिसौंदर्य ,  केव्हिंग ,  डायव्हिंग ,  उत्कृष्ट  वाईन्स् आणि खाद्यपदार्थ  ह्यांचा अनुभव  घ्या ऑस्ट्रेलियातील मूळ प्राचीन  लोकांची  समृध्द  सांस्कृतिक  विविधता समजून  घेण्याचा उत्तम  मार्ग  म्हणजे येथील अॅबओरिजनल लोकांबरोबर  तिचा अनुभव  घेणे होय येथे  अॅबओरिजनांच्या मालकीचे  आणि त्यांनी चालवलेले अनेक  व्यवसाय  आहेत ज्यामुळे तुम्हाला त्यांच्या नाट्यपूर्ण  अशा वेगळ्या  विश्वाचा  शोध  घेण्यास मदत  होते एखादी मेजवानी कशी द्यावी ,  हे ऑस्ट्रेलियायी लोकांना  चांगलेच  ठाऊक  असते  ,  आणि सिडनी २००० ऑलिम्पिक गेम्सदरम्यान त्यांनी ते सिद्धही  केले  आहे टास्मानिया हे अद्वितीय  नैसर्गिक  आश्चर्यांनी  भरलेले ,  वसाहतींच्या  काळाचा वारसा  असलेले ,  मनमिळाऊ  लोक  असलेले बेटरत्न आहे कांगारु  बेट  म्हणजे शुद्ध  हवा  न बिघडलेले  स्वच्छ  किनारे  व नाट्यपूर्ण  निसर्गसौन्दर्य आहे ही व्यवस्था  भोजनाच्या उत्तम  सोयी - सुविधा ,  २४ तास  सेवा ,  गृहव्यवस्थापन व खास कर्मचार्यांमार्फत  वाहने  उभी करण्याची सोय ह्या गोष्टींमध्ये  निवड  करण्याची संधी  देऊ करतात ",pos
"﻿अप्रतीम  समुद्रकिनारे आणि उबदार  हवामान  ,  आइल ऑफ वाइट हे वर्षभर प्रत्येकाकरिता काही तरी देणार्‍या परिपूर्णतेसह बाह्य - कृती मैदान आहे सुरक्षित  ,  व सर्वोत्तम मार्गदर्शक  उपलब्ध  असणारे  ,  हे नवीन काही तरी करून पाहण्यासाठी आदर्श ठिकाण  आहे हे बेट  जमिनीवरून  वा हवेतून  पाहण्याचे  व त्यावेळी  भरपूर  आनंद  मिळवण्याचे अनेक  विविध  मार्ग  आहेत बोस्टिंग अवॉर्ड - प्राप्त समुद्रकिनारे ,  अस्पर्शित  आणि प्रेक्षणीय  निसर्गदृष्ये ,  व श्रीमंत ऐतिहासिक वारसा ,  तसेच  सर्व  वयोगटाला आणि राष्ट्रीयत्वाला  योग्य  अशी आकर्षणे ,  उद्योग  व साहसी कार्य येथे  आहेत चित्रसदॄश गावे ,  प्रेक्षणीय  डोंगरकडे  ,  उथळ  जमीनी ,  वाळूचे समुद्रकिनारे ,  सुपीक शेतजमीनी ,  खाड्या ,  दलदलींच्या जमीनी ,  नद्या  ,  खोरी आणि वन्य जीवन ,  प्राणिवर्ग व वनस्पतिवर्गातील विपुल  विविधतेचा  शोध  घ्या मंगोलिया  हे एक अद्वितीय  आणि तुलनेने  अस्पर्शित  पर्यटनाचे  ठिकाण  आहे जे तुम्हाला शोभिवंत  नैसर्गिक  दृश्ये  ,  खूप मोकळ्या  जागा  असलेल्या अस्पर्शित  भूप्रदेशांची भरपूर  विविधता  , पुरातत्त्व व ऐतिहासिक  वारशाचे प्रदेश , आणि भटकी  जीवनशैली व संस्कृती  यांचे सुंदर मिश्रण सादर  करते  ",pos
"﻿ जर  पर्यटकांना  सुंदर  सजलेल्या  उंटांचे  वैभवासह नृत्य  अनुभवायचे  असेल तर  पुष्करला भरणारी उंटांची जत्रा  हे आणखी एक आकर्षण असू शकते  भारतातील पारंपरिक  उंट सफारीमध्ये ,  अधिकृत  सहल  आयोजकांतर्फे आयोजित  केल्या  जाणार्‍या उंटांच्या सफारीच्या मध्यात दुर्मिळ  सोनेरी  तपकिरी वाळूच्या  टेकड्यांना  इच्छुक  पर्यटक  पाहू  शकतात  अशा प्रकारे भारतात आयोजित  केल्या जाणार्‍या उंट सफारी हा अदीक्षितांसाठी रोमांचकारी अनुभव  ठरू  शकते ,  बदलणार्‍या वाळूच्या  वार्‍याच्या  प्रदेशाचा  भूभाग  आणि सूर्योदय  व सूर्यास्ताची भान हरपून टाकणारी दृश्ये  पाहाणे  हा एक आनंददायी  अनुभव  आहे ,  आणि असा सुअवसर आयुष्यात  क्वचितच  मिळतो  इंडियन ट्रॅव्हल डेस्टिनेशन  , बाहेरील  यात्रा  मार्गदर्शक  ,  या सक्षमतेच्या भटकंतीचे  आणि शोध  करण्याचे  भरपूर  सुअवसर उपलब्ध  करून  देतात  आणि हे भारतातील अत्यंत  सजीव  आणि मंत्रमुग्ध करणारे थंड हवेचे ठिकाण आहे ",pos
"﻿ नोमॅड'स डे उत्सव : हा दोन  दिवसांचा  आकर्षक  सण  ,  शांत  आणि शोभिवंत अशा गन - गलूत नेचर रीझर्वमध्ये दरवर्षी  साजरा केला जातो जंगलातील  निसर्ग ,  भटक्या जमातींची संस्कृती  व आतिथ्यशील  लोक  याकरिता मंगोलिया  प्रसिद्ध  आहे ,  ज्यामुळे जगभरातील परदेशी  पर्यटक  येथे  आकृष्ट  होतात  मंगोलियाच्या सरकारने पर्यटनाला  देशाच्या  आर्थिक  प्रगतीला  हातभार लावण्याची मोठी क्षमता  असलेले  एक प्राधान्य  क्षेत्र  म्हणून मान्यता  दिली आहे अलिकडील वर्षांपर्यत मंगोलिया  हे संपूर्ण  जगातील  लुप्त  सुंदर  जागांपैकी  एक होते  जे जगाच्या  जवळ होते  स्टुटगार्ट प्रदेश  भिन्न ,  आकर्षक  क्षेत्रांना  आकर्षक  सहलींच्या  भरपूर  शक्यतांसह  देऊ  करतो  निसर्गाने वेढलेल्या  आरोग्य विश्रांतिगॄहांमध्ये आराम  करणे ,  आणि पारंपरीक  ,  आल्हाददायक मदिरा महोत्सवाचा आनंद  घेणे उजुंग पँडांग पासून ताना तोरजा पर्यंतच्या लांबलचक यात्रेसह , पर्वत  नैसर्गिक  सौंदर्याचा  आकर्षक  देखावा  सादर करतात  ",pos
"﻿आमच्या एखाद्या तळावर रहा किंवा आमच्या एखाद्या उत्कृष्ट  हॉटेलांमध्ये  राहा  ,  तुम्ही या गोष्टीने  आश्वासित  रहा की तुमच्या मनाच्या  शांतीच्या निश्चितीकरिता  सर्व आस्थापनांच्या दर्जाची तपासणी  व मुल्यांकन केले  आहे तेव्हा  बोटीत बसून मुख्यभूमीतून बाहेर  पडा ,  सोलेंत पर्यंत नौकाविहार साहसी  अनुभवात  भर घालतो ,  आणि जलद  कार्यक्षम वाहतुकव्यवस्थेमुळे तुम्ही इस्ले ऑफ वाइटच्या सभोवतालचा आनंद  अनुभवू  शकाल   आणि ज्यांना आधुनिक  जगापासून  सुटका हवी आहे ,  अशांना जे हवे तेच सापडून ते बेट  सोडतील ,  याची आम्हाला खात्री  वाटतेतुम्ही एकदा  तिथे  गेल्यास  त्याच्या आजूबाजूला  फिरणे  सुद्धा सोपे  आहे इस्ले ऑफ वाइट हे पाहण्यासारखे  ,  परिपूर्ण  होण्यासारखे व मौज करण्यासारखे  ठिकाण आहे ",pos
"﻿ संपूर्ण  २००७ मध्ये ,  काही  श्रेष्ठ  बॅंड व कलाकारांचे  बेटावरील  अनेक  ठळक  संगीत कार्यक्रमातील सादरीकरण  पाहा  इंग्लंडचे आनंदोत्सव साजरा करणार्‍या बेटाच्या  रूपात आपला लौकिक  सिद्ध करणारा हा बेट  करमणूकीच्या  उत्सवामुळे  संपूर्ण  वर्षभर सचेतन  असते  प्रत पदार्थांचा दर्जा आणि मांडणी  ,  उत्साहवर्धक व मैत्रीपूर्ण  सेवा  आणि स्वच्छतेचा  दर्जा ह्यांकडे निरीक्षक  विशेष  लक्ष देतात श्वासरोधक देखावे आणि समुद्राची ताजी हवा तुम्हाला तुमच्या फेरफटक्या  दरम्यान  तुम्ही चांगला  आनंद  ,  जो उत्साहवर्धक  किंवा आरामदायी   -  जसा तुम्ही निवडाल  तसा  असेल  अत्युउत्कृष्ट धाटणीच्या  इकत कापडासाठी  सुप्रसिद्ध  आहे ",pos
"﻿आइस हार्वेस्टिंग ,  ग्रॅनाईट व चुनखडीचे खाणकाम ह्यांचादेखील महत्वाचे उद्योग  म्हणून  विकास  झाला  तोरा  मिरवणारी  आरामगृहे ,  जलप्रवासाच्या  जहाजांचा  एक  तांडा  ,  विहारनौका (याट) भाड्याने  देण्याचा एक  प्रचंड  मोठा  व्यवसाय  हा इंडी प्रवाशाचा  प्रांत  वाटत  नाही  विशेषतः  कमी  प्रसिद्ध  सेंट जॉनवर  -  प्रवास  करणे शक्य  आहे अनुभवी  मार्गदर्शक  हे श्वास  रोखायला  लावणाऱ्या दुर्गम  पर्वतप्रदेशातील वाटांवरुन  एका  आठवडयापर्यंत ,  सायकली  चालवणाऱ्या गटांना  घेऊन जायला तयार  असतात थुंग सालाएंग लुआंगमधील सायकलवरील  निसर्ग - फेरीची आखणी ही निसर्ग व त्याचे जतन  ह्यांची एक  अधिक  चांगली  समज  विकसित  करण्याकरिता केली  गेली आहे आकर्षणांमध्ये  लान चॅंग आणि फ्राथट नॉंग खाई येथे  घडवला गेला आहे असे मानले जाते अशा बसलेल्या मोठ्या  बुद्धाकरिता  विख्यात  असलेले वात फो चाई ",pos
"﻿गोल्फ  हा थायलंडमधील  सर्वाधिक  लोकप्रिय  खेळांपैकी  एक  खेळ  आहे देशभरात २०० हून अधिक  उच्चस्तरीय गोल्फ  मैदाने  आहेत ,  त्यातील अनेक  सर्वोत्कृष्ट  खेळाडूंच्या  स्पर्धेच्या  दर्जाची  आहेत अत्याधुनिक  तंत्रे  वापरून आधुनिक  आराखड्यांना  परीपूर्ण बनवले आहे किमान  काहीएक मैदाने  प्रमुख  शहरांत  किंवा शहरांपासून  सहज  पोहोचण्याजोगी  आहेत पुष्कळशा अधिक  नवीन  असलेल्या मैदानांवर  त्याच जागी  किंवा जवळपास  निवासाच्या सोयी  ,  तसेच  काही करमणुकीच्या  सुविधा  पूर्ण  परिवारासाठी  उपलब्ध  आहेत थाई  खाद्यसंस्कृतीचा अजून  एक  महत्त्वाचा पैलू  म्हणजे आतिथ्य  व मित्रत्व  चांगला  सहवास  व खाणे  जो थाई  व्यक्तिमत्वातील अगदी  प्रबळ  असा घटक  आहे ",pos
"﻿ फ्रा नाखॉन सी आयुथ्थाया किंवा आयुथ्थाया ही थायलंडची  एक  ऐतिहासिक  व भव्य   अशी लक्षवेधक बाब  आहे आयुथ्थाया राज्याची  समृद्धी  फेट्च्याबुरीमधील जुन्या  सुंदर  मंदीरांच्या  विपुलतेत पाहिली आणि आस्वादली जाऊ शकते रत्तानाकोसिन कालखंडामध्ये  समुद्रकिनाऱ्यालगतची शांत  विश्रामगृहे आणि उत्कृष्ट  अशी नैसर्गिक  राखीवक्षेत्रे असलेले एक  सुंदर  मोहक  नगर  म्हणून  फेट्च्याबुरीने आपले रुपरंग पालटले  आहे फेट्च्याबुरीस छा - अम हे एक  लोकप्रिय  विश्रामगृह - नगर सुद्धा आहे ,  जे या प्रांतातील  अग्रगण्य  असे किनाऱ्यावरील  विश्रामगृह आहे  हा प्रांत  तेथील उत्कृष्ट  ऐतिहासीक  उद्यान  पुरातन  मंदीरे  बहारदार किनारे  व गुंफा  त्याचबरोबर स्थानिक  आणि ताज्या  सागरी  अन्नाच्या  एका  मोठ्या विविधतेसाठीदेखिल प्रसिद्ध  आहे प्रसात हिन खाओ फानोम रुंग हे अत्यंत  महत्त्वाच्या  स्मारकांपैकी  एक आहे   थायलंडमधील  ख्मेर स्थापत्यकलेच्या अभ्यासात  पुनर्बांधणीने मोठे योगदान  केले  आहे ",pos
"﻿ चैलचा राजवाडा  हा भारतातील सर्व  थंड हवेच्या ठिकाणांपेक्षा अतिशय प्रसन्न  करणारा आहे ,  भटकंतीसाठी  अत्यंत  मनोरंजक  आहे ऐतिहासिक  माहितीत प्रवृत्ती  असणार्‍या पर्यटकांना  हा महाल  आपली शाही  दालने  ,  लाकडी झोपड्या ,  आणि बांबूच्या  बनलेल्या  खोल्यांसह  खास  मनोरंजन  देतो हिमाचल प्रदेशातील रोमांचित  करणार्‍या या थंड हवेच्या ठिकाणी पर्यटकांना  विस्तीर्ण  रानं  आणि हिरवेगार पर्वत  साद घालतात चैल अभयारण्य हे स्थानांच्या  पत्रिकेत एक अन्य  दृश्य  आहे , चैल ,  हे त्याच्या मार्मिक पर्यटकांना  काही देऊ करण्यासाठी  भारतात एक शाही  थंड हवेचे ठिकाण आहे घोरल ,  कक्कर ,  सांबर  ,  तीतर  पक्षी आदी काही प्राण्यांचे  जीवन  सघन आहे चेन्नई  हे मधुचंद्राला जाण्याचे भारतातील एक प्रमुख  पर्यटन  स्थळ  असून ,  मधुचंद्रासाठी अनेक  आकर्षक  हॉटेलांचे  ते माहेरघर आहे जे भारतात येणार्‍या नवविवाहितांना आनंद  देतात ",pos
"﻿ भारतात नवविवाहित दांपत्य  चेन्नईमध्ये मधुचंद्र हॉटेल  प्राप्त  करु शकतात  त्या अशा क्रमानुसार  आहेत ताज कॉरोमंडल हॉटेल ,  चोला शेरेटॉन  हॉटेल ,  फिशरमन्स क्लोव्ह हॉटेल आणि ली मेरिडियन हॉटेल इत्यादी  काही मार्गदर्शक  स्थानीय  आदरातिथ्य  उद्योगांचे  नाव  आहेत जे सर्वात जास्त  लोकप्रिय  चेन्नईचे मधुचंद्र हॉटेल आहेत नेहमीच्या  परिस्थितीत  एका विशिष्ट  दर्जाच्या  हॉटेलांमधील  वातावरण  साधारणपणे  सारखेच  असते   , मात्र चेन्नईतील हनीमून हॉटेलांमधील  वातावरण  पूर्णत: निराळेच असते  हे दक्षिण  आणि पूर्वेकडील  विलक्षणतेबरोबर एकत्रितपणाने पश्चिमी  पद्धतीचा आदरातिथ्याचा एक पूर्ण  आणि संतुलित  संमिश्रण आहे आणि भारतात नवविवाहित दांपत्यांसाठी  तेथील सेवा  कार्यक्षम असतात  जसे की भारतात चेन्नईमध्ये मधुचंद्रासाठी हॉटेल आहेत  ,  चोला शेरेटॉन भारतात नवविवाहित दांपत्यांसाठी  एका इष्ट स्थळाच्या  रूपात उभारलेले नाही  चिथिरापुरम ,  जे भारतातील कमी  चर्चित असणारे  थंड हवेचे ठिकाण आहे , येथे  जाण्यासाठी  इंडिया ट्रॅव्हल डेस्टिनेशन ,  स्थळ  ,  सहलीचे  आयोजन  करते  ,  वन्यजीवनाची भटकंतीची  आवड  असणार्‍यांसाठी एक नैसर्गिक  आनंदाच्या  शोधाची  एक सुवर्ण संधी  देते  ",pos
"﻿महालाच्या रस्त्यावर अतिशय घाण वास येत होता आणि विक्रेते तर जणू लुटारु होते आत तर इतका कूबट वास येत होता की जीव नकोसा झाला त्यानंतर आत इतका भयाण अंधार पसरला होता की मी घाबरून गेलो महालाचा आतला भाग जीर्ण आणि पडका आहे की आन् जायची इच्छासुद्धा होत नाही मूर्खपणाचा कहर आहे नुसता ! ",neg
"﻿एससेल वर्ल्ड सारख्या ठिकाणी लोकांनी घातलेला धुडगुस पाहून हैराण झालो इतके बेशिस्त लोक  सगळीकडे गर्दी ,  कचरा आणि आरडा - ओरडा सुरू होता कधी एकदा बाहेर निघतोय असे झाले होते जीव नकोसा करून टाकला बाबा ह्या एससेल वर्ल्ड प्रकाराने ! ",neg
"﻿भव्यनगरी स्वप्ननगरी म्हणून गाजलेली एके काळची मुंबई आता मात्र कसल्या विळख्यात अडकली आहे कोण जाणे खणलेले रस्ते ,   तुंबलेली गटार ,  पाण्याची टंचाई ,  लोकल ट्रेन मधली गर्दी ,  वाढलेली महागाई आणि त्रासलेला मुंबईकर सागळच आता असह्य झाला आहे अधून मधून होणारे आतंकवादी   हल्ले आणि दुसर्या दिवशी जीव मुठीत घेऊन कामावर जाणार्‍या सामान्य मुंबई करीची 'मुबई स्पिरिट' म्हणून नेत्यांनी केलेली क्रूर चेस्टा आता तर विकोपाला गेली आहे एकमेकांना धीर देऊन हा सामान्य माणूस अक्षरशः आता शंशक्तिचा बांध फुटायाची वाट बघत आहे",neg
"﻿असंख्य डासांमधून वाट काढत काढत जेव्हा आम्ही करनाल्याला पोचलो ,  तेव्हा माहीत नव्हते की त्रास अजुन अर्धाच झाला आहे पूर्णा किल्ला अक्षरशः जीर्ण झाला आहे पडके बुरूज ,  ऊष्ण माळ - रान आणि दूरवर पसरलेली नीरव शांतता ह्या सगळ्यात तुम्ही तहानेनी व्याकूळ नाही झालात तरच नवल आहे विचित्र आवाज काढणारे जनावर तुमची वाट नक्की आडवतिल आणि पूर्णपणे पकवून टाकतील",neg
"﻿असंख्य डासांमधून वाट काढत काढत जेव्हा आम्ही करनाल्याला पोचलो ,  तेव्हा माहीत नव्हते की त्रास अजुन अर्धाच झाला आहे पूर्णा किल्ला अक्षरशः जीर्ण झाला आहे पडके बुरूज ,  ऊष्ण माळ - रान आणि दूरवर पसरलेली नीरव शांतता ह्या सगळ्यात तुम्ही तहानेनी व्याकूळ नाही झालात तरच नवल आहे विचित्र आवाज काढणारे जनावर तुमची वाट नक्की आडवतील आणि पूर्णपणे पकवून टाकतील",neg
"﻿तारपुर मत्स्यालयाची सद्य अवस्था दारुण आहे अस्वच्छ टॅंक्स ,  दुर्गंधी आणि गळ्की छत तसे म्हटले तर ही जागा वर्षाचे आठ महिने बंद वा नादुरस्त असते जेवढे दिवस उघडे असते तेवढे दिवस देखील नीट उघडे ठेवण्यात इकडचे लोक असमर्थ ठरले आहेत सरकारचा आणि कर - दात्यान्चा इतका पैसा कुठे जातो हे एक मोठे गूढच आहे",neg
"﻿नीताची बस दिसायला तशी साधारण असते पण एकंदरीत ,  आम्ही निराश झालो त्यांच्या बसची अवस्था खूप बकवास आहे सध्या सगळीकडे कचरा उरला होता ,  साफ - सफाई नीट करण्यात आली नव्हती आणि स्टाफ तर उर्मटपणा नाकावर वागावत हिंडत असतात मोजून चार ठिकाणी बस थांबते ,  त्याशिवाय कसलाही प्रसंग आला तरी बसवाले तुमच्यासाठी बस थांबवायचे नाहीत",neg
"﻿घाई - गडबडीत आम्ही गोव्याला जायचे ठरवले तर खरे ,  पण नंतर पूर्णवेळ पस्तावत बसलो ठगान्चा बाजार झालेल्या गोव्यामध्ये गर्दी आणि दारू ह्याशिवाय दुसरे काही उरलेच नाहीए बायका - पोरांसमोर लाज वाटेल असले चाले भर - रस्त्यांवर सुरू असतात विक्रेते अववाच्या सव्वा किंमत मागून सर्रास लूटत असतात आणि ह्या सगळ्यांबद्दल तुम्ही काही बोललत तरी सगळीकडे उदासीनता असते खूप त्रासापासून वाचून पूढे आलात तरी हे लोक तुम्हाला नक्की लुटणार",neg
"﻿आम्ही जेव्हा नदीच्या पलीकडे पोचलो ,  तेव्हा नावाड्याने आधी ठरलेल्या किंमतीच्या दुप्पट किंमत मागितली आम्ही तर विस्फारुन गेलो नंतर बरीच हुज्जत घातल्यावर तो दहा रुपये जास्त दिल्यावर तयार झाला आणि आमचा पाठलाग सोडला शिवी - गाळ तर त्याने केलीच ह्या अशा वाईट अनुभवानंतर पूढचा प्रवास चांगला होणे अशक्यच होते",neg
﻿सगळा प्रवास अगदी कंटाळवाणा झाला पूर्णा वेळ सीटवर बसून राहावे लागल्यामुळे पाय नुसते आखडून गेले आणि अंग दुखू लागले त्यात रहदारीमूळे बस दोन तास उशीरा पोचली आणि खूप खोळंबा झाला त्यात खायला प्यायला ना मिळाल्याने भूक लागून वाट लागली होती शेवटी कसे - बसे नाशिकला पोचलो आणि सुटकेचा निश्वास टाकला उदास होऊन आम्ही अखेर आमचा प्रवास संपवला,neg
"﻿पालटले ,  सुधारले ,  सुशोभित झाले म्हणता म्हणताच परत मूळ पदावर येऊन पडले भ्रासटाचाराचा विकोप झाला ,  सुधारणा करणार्यांच्या बदल्या झाल्या ,  स्वच सुंदर ठाण्यात परत फेरीवल्यांचा आड्डा जमला ठाण्याचा पसारा वाढला दूर दूर इमारती वसल्या पण रेलवे स्टेशन पासून घरी पोचणे म्हणजे तारे वरची कसरत माजलेले रिकशावले चक्क नकार देऊ लागले एक काळाचे तलावांनी नटलेले शहर आता फक्त कॉंक्रीट चा जंगल झाले ",neg
"﻿जगातील सात आश्चर्यांपैकी एक मानला गेलेला ताजमहाल बघणे प्रत्यक्षात फार महागात पडते येथे प्रचंड महाग वसतिगृहे ,  लुबाडायला बसलेले फोटोग्राफर्स आणि भुरटे यांपासून सुटका अशक्य आहे एक तर भारत सरकारने या ऐतिहासिक वास्तूची बिलकुल काळजी न घेतल्याने रया गेलेला ताजमहाल बघावयास मिळतो त्यात आजूबाजूची गलिच्छ वस्ती आणि सुरक्षिततेचा अभाव अजूनच भर घालतात ",neg
"﻿पुणे इथे काय उणे आपली संस्कृतिक नगरी तीच नाव अगदी टिकवून आहे फक्त संस्कृती बदलली आहे महल् ,  वाडे याची जागा घेतली डान्स बार ,  क्लब रेव पार्टीस यांनी शिक्षणाच्या नवा खाली येणार्‍या श्रीमंत बापाच्या  माजलेल्या पोरांनी सामान्य पुणे कराच जगण अवघड करून सोडली आहे आपली संस्कृतीचा बचाव करण्यासाठी या पुणेकरांनी जाव तरी कुठे",neg
﻿ग्रेट ब्रिटन मधील सर्वात मोठे समजले जाणारे लंडन आता बकाल होत चालले आहे सध्या चालू असलेली जागतिक आर्थिक मंदी आणि कॅमेरोन सरकारच्या नियोजनाचा अभाव ही याची मुख्य कारणे आहेत एकेकाळी ब्रिटनच्या ,neg
﻿एकेकाळी भारतावर साम्राज्य गाजवणाऱ्या लंडनवासियांना आता भारतीयांचा वरचष्मा सहन होताना दिसत नाही अलीकडेच भारतीयांवर लंडन मध्ये झालेले वंशद्वेशाचे हल्ले याचा पुरावा आहेत एका बाजूने आर्थिक महामंदीमुळे ग्रस्त असताना त्यात होणाऱ्या हल्ल्यांमुळे भारतीय कमी झाल्याने आता एकूणच येथील जीवनमान खालावलेले दिसून येते गार्डिअनच्या २०१० मधील एका परीक्षणानुसार ब्रिटनमधील सर्वात जास्त दारिद्रय आणि वांशिक असमानता लंडन मध्येच आहे,neg
"﻿संजय गांधी राष्ट्रीय उद्यान ,  मुंबई मधील एकमेव संरक्षीत जंगल पहायला गेलं की लक्षात येते ते कितपत संरक्षीत आहे ’टायगर सफ़ारी’ आणि ’लायन सफ़ारी’ साठी बस मधुन निघालं कि बस बरोबरच शरिरातील प्रत्येक हाडाचा खुळ्खुळा होतो सिंहांची र्दुदशा बघवत नाही आलेल्य लोकांना पाहायला मिळावं म्हणुन त्यांच्यावर पाणि ओतुन त्यांना बाहेर काढण्यात येते अशा वेळी त्यांच्या बद्दल कुतुहल वाटण्या ऎवजी कीव येते हे उद्यान म्हण्जे गैरसोयिंचे जंगलच जणू ",neg
﻿वसई मध्ये उपस्थित हा किल्ला अतिशय दयनिय परिस्थित आहे येथे पोहोचण्या करीता वाहतुक सेवा खुपच तुरळक आहे शिवाय या परिसरातिल रहिवस्यांच्या अजाणते मुळे किल्ला मोडकडीला आला आहे जवळपास असलेल्या झाडींमुळे डासांचा प्रार्दुभाव मोठ्या प्रमाणात आहे ज्यामुळे या किल्ल्या चा मनसोक्त आस्वाद घेणे अश्यक्य होते,neg
"﻿मंबई - पुणे सह्यार्दी एक्सप्रेसनी पहिल्यांदा प्रवास करतना मोठा अपेक्षाभंग होतो पहिल्या श्रेणी चा दब्बा ,  एसी सोडलं तर ,  मुंबई च्या उपनगरीय रेल्वे सारखाच वाटतो जुनाट चॉक्लेटी ओईल पेंट सर्वत्र फसलेला अस्वस्थ करणारा कुबट वास आणी प्रचंड डास   ईतक्या अस्वच्छ रेल्वे मधून प्रवास करण्या पेक्षा बस जास्त सुख सोयीची",neg
﻿गेल्या मे  महिन्यात मी ईटली ला गेलो होतो ओंगळवाण्या आळशी लोकांचा ओंगळवाणा देश म्हणजे ईटली माफियांनी ह्या भूमीवर आपले असे काही साम्राज्य गाजवले आहे कि ईटली च्या रस्त्यांवर पावलो पावली दहशत तुमचे स्वागत करते जागो जागी येथे पाकीटमार आणि अन्य भुरट्या चोरांच अस्तित्व जाणवतं  रोम हे शहर तर इतके गलिच्छ आहे कि मी तेथून दुसऱ्याच दिवशी पळ काढला युरोपचे पाकिस्तान हीच पदवी ईटलीला योग्य ठरेल,neg
"﻿गेल्या आठवड्यात आम्ही नेपाळला गेलो होतो भारताच्या बाजूला राहणारा हा देश आतापर्यंत आपल्याकडून काही शिकला असेल अशी अपेक्षा होती पण प्रत्यक्षात मात्र काही वेगळच अनुभवायला आलं येथील लोक अत्यंत संकुचित मनाचे आणि अनपढ आहेत धंदा कसा करायचा हे ह्या मूर्खांना माहीतच नाही इतकं छान सृष्टी सौंदर्य लाभूनही पर्यटनाचा धंदा ह्या लोकांना अजिबात जमलेला नाही अस्वच्छ रस्ते ,  स्वागत न करणारे नेपाळी आणि वाहतुकीची खराब सोय असलेली शहरे ही आमच्या नेपाळ वारीची आकर्षणे ठरली",neg
"﻿मागच्या वर्षीचा क्रिसमस मी मित्रांबरोबर मेक्सिको मध्ये काढला उत्तर आणि दक्षिण अमेरिकेला जोडणारी ही भूमी अंमली पदार्थ आणि अश्लीलता ह्या दोन त्सुनामींनी ग्रासली गेली आहे मेक्सिको ची तीन शहरे जगातील पहिल्या दहा  "" सिन सीटीस ""  मध्ये येतात ह्यात काहीच नवल नाही तरुणीच्या     नासमंजस जोशात अर्धनग्न होऊन फिरणाऱ्या मेक्सिकन मुली आणि कोकेनच्या नशेत मारामाऱ्या करणारी मेक्सिकन मुले पाहून फार वाईट वाटले ",neg
"﻿एकदा मी सुट्टीत फिरायला गोव्याला गेलो होतो गोव्यामध्ये फिरण्यासाठी भरपूर बीचेस आहेत पण मला तिकडचे बीच पाहून काही विशेष नाही वाटले गोव्याचे बीच काही स्वच्छ नव्हते कचरा खूप होता तिकडे गर्दी पण खूप होती बीचवर असलेले दुकानदार पण खूप पकावतात ,  शांतपणे आराम करायला पण दिला नाही आम्हाला मला तिकडे परत जायच अस वाटत नाही",neg
"﻿आग्र्याचा ताजमहाल पाहण्यासाठी देश - विदेशातून येणारे लाखो पर्यटक जणू भारतात येऊच नयेत अशी भारत सरकारने सोय केलेली आहे प्रथमतः पर्यटकांवर लादली गेलेली बंधने ,  पैसे लुबाडायला बसलेले टूर गाईड्स ,  महिलांसाठी धोकादायक ठरणाऱ्या गल्ल्या आणि त्यावर मात करणारे सरकारी औदासिन्य येथे बघायला मिळते स्लमडॉग मिलिअनेअर चित्रपटात दाखवलेली कथा येथे प्रत्यक्षात अनुभवावी लागते तेव्हा ती तितकी मनोरंजक वाटत नाही लुटारू हॉटेल मालाकांविषयी तर बोलायलाच नको",neg
﻿हे मंदिर पुरातन असले तरी आता बरेच जूने झाले आहे  सुरक्षेचे नीट उपाय नसल्याने चोरांचा आणि भुर्ट्यान्चा सुळसुळाट वाढला  आहे सध्या बरेच पडके झाल्यामुळे इथे काही उरले नाही  तुरळक गर्दी रविवारी दिसते नक्षीकामाची काळजी न घेतल्यमुळे आता पुसट दिसू लागले आहे  भोवतालची झाडेसुद्धा वाळून गेली आहेत  ह्या मंदिराची वास्तू आता फक्त पडायची वाट बघत आहे असे वाटते  तुमच्या महाबळेश्वरच्या ट्रीपमध्ये ह्या मंदिरावर फुली मारण्यात काही हरकत नाही,neg
"﻿एक माउंट रोड सोडला तर बाकी मद्रास हे मागासलेले वाटले  अजून जेमतेम पावणेआठ तर वाजत होते आणि तिकिटावर ८ची वेळ छापलेली दिसत होती तारीखही आजचीच होती मग घोळ झाला कुठे  ?    आम्हाला ह्या गोष्टीचा पत्ताच नव्हता आता पुढे काय  ?   गुपचुप तिकिट रद्द केले(३०% पैसे कापले) आणि रखडत रखडत खोलीवर आलो सगळ्या उत्साहावर पाणी पडले होते आमचे पडलेले चेहरे बघून त्यांना काहीच कळेना आणि काही सांगण्याचा उत्साह आमच्यात नव्हताच आमच्याकडे काहीच पर्याय नसल्यामुळे आम्ही देखिल त्यांच्या हसण्यात सामील झालो ",neg
﻿इतक्यात वसतिगृहाच्या तळमजल्यावर काही तरी रडारड ऐकू आली आम्ही तिथे जाऊन बघितले तर एक तरुण मुलगी रडत रडत काही तरी बोलत होती एव्हढ्यात एक वयस्कर माणूस गर्दीतून वाट काढत पुढे आला आणि त्या मुलीला फरफटत घेऊन गेला त्याच्या तोंडाचा पट्टा अखंड चालला होता आणि मध्ये मध्ये तिला फटकेही मारत होता  आता तिला बघून त्याचा संताप अनावर झाला होता म्हणून तिला शिव्याशाप देत मारत तिला घेऊन गेला हुश्श्य !  !  !  सुटलो बुवा ह्या धर्मसंकटातून ! ,neg
"﻿सगळ्यात पहिला कार्यक्रम होता तो म्हणजे डॉल्फिन्सचे दर्शन पण बहुदा मासे न खाणार्‍या माझ्या शाकाहारी बायकोचा निषेध करायचा (याला म्हणतात सुड उगवणे ! ) असे ठरवून त्या दिवशी डॉल्फीन्स फिरकलेच नाहीत पाण्याच्या वरच्या पातळीवर  अर्धा तास वाट पाहून आम्ही डॉल्फीन्सचा नाद सोडलाजाम कंटाळलो होतो काहीच हाती न लागल्यामुळे थोडा निराश होऊन परतलो",neg
"﻿ह्या  सन्ग्रहालयाची सद्य परिस्थिती वाईट आहे  इथल्या मूर्तीन्वर बसलेली जळमटे ह्याची साक्ष देतात  इथले कॅफेसुद्धा बंद होते बर्‍याच काचा फुटलेल्या आहेत आणि ही बाब नक्कीच चिंताजनक आहे एकेकाळी पुण्याची शान असलेली ही वास्तू आता दुर्लक्षामुळे जर्जर बनली आहे   एकंदरीत भयंकर आहे सगळे ! ",neg
﻿मुरूडच्या किल्ल्याचे वैशिष्ट्य म्हणजे त्याची मजबूत रचना पण हळूहळू बूरुजे ढासळू लागली आहेत आम्ही संध्याकाळी परत निघायला लागलो तर आम्हाला काही केल्या बोट सापडली नाही बरेच प्रयत्न केल्यानंतर एक नावाडी आम्हाला न्यायला तयार झाला पण परतीचा प्रवास त्रासदायक झाला हेलकावे खाणार्‍या होडीत बसून आम्ही देवाचा धावा सुरू केला खवळलेला समुद्र आणि त्यातून दिसणारा मुरूडचा किल्ला भीतीदायक भासला हा अनुभव विसरण्यासारखा नाही ! ,neg
﻿घाबरलेल्या मनानेच आम्ही काश्मीरला जायचा निर्णय घेतला कडेकोट बन्दोबस्तात जेव्हा आम्ही श्रीनगर्ला पोहोचलो तेव्हा धास्टावन गेलो होतो सगळीकडे सेनेचा बंदोबस्त पाहून घाबरायलाच झाले बर्‍याच ठीकाणी आता जायला बंदी असल्याने काश्मीरमध्ये तितकीशी मजा उरली नाही   इतका बर्फ पाहायची सवय नसल्याने मला काही दिवा कंटाळा आला त्यावर सारखी आतन्कवाद्यान्ची भीती भिरभिरत असताना मौज वाटणे अशक्य आहे ! ,neg
﻿कोल्हापुरच्या महालक्ष्मीला एकच मागणे आहे गर्दी आणि गोन्धळ आवर ग माते  !  इतका कल्लोळ माजला असतो की विचारू नका  !  जवळजवळ दोन तास रांगेत उभे राहिल्यावर आमचा नंबर आला  पण दर्शन घ्यायला तीसेक सेकन्दच वेळ मिळाला आमच्या बाजूला असलेल्या एका बाईची पर्स जेव्हा चोरीला गेली तेव्हा मात्र घाबरून गेलो  अव्वाच्या सव्वा किंमत सांगणारे विक्रेते पण इथे खूप होते ईतकेच काय तर दर्शनाआधी पाय धुवायला गेलो तिथेसुद्धा वीस रुपये घेऊन लवकर सोडणारे महाभाग सापडले  ! ,neg
"﻿झुनझुनू तसे छोटे गाव होते पण निघाले भलतेच भयानक रात्री इथे जवळच्या जंगलातल्या जनावरांचा सुळसुळाट असतो हे ऐकून तर घाबरगुन्डी उडाली जवळच एक धाबा होता तिथे तेलात लोळवलेली रोटी आणि माशी पडलेली डाल खालाली आणि फाटक्या घोंगडीखाली निवांत झोपायला गेलोच नव्हतो की जोरात आवाज झाला पाहतो तर धाबेवाल्याची सायकल चोरून एक चोर पळत चालला होता मग उरलेली रात्र जागूनच काढली एकूण ,  खूप वाईट अनुभव होता ! ",neg
﻿आम्ही काळ रात्री गेट्वे पाहायला गेलो होतो पाच मिनिटात फोटो काढून देणार्‍या फोटोग्राफेरसनी नुसते हैराण करून सोडले होते त्यांच्यापुढे हात जोडून इतरत्र गेलो तर भेळवाले पाठी पडले ठिकठीकाणी जोडपी अश्लील चाळे करत असल्यामुळे परिवारासोबत इथे यायला शरम वाटली इथल्या फेरीसुद्धा पावसाळ्यामुळे बंद असल्याने थोडी निराशा झाली उगीच बडेजाव केलेल्या वास्तुंपैकी एक म्हणजे गेट्वे होय,neg
"﻿दर चारपैकी एका चित्रपटात दाखविला जाणारा गोव्याचा समुद्रकिनारा प्रत्यक्षात मात्र भीषण अनुभव देऊन जातो येथे धोक्याच्या सुचना देणारे बावटे कुठेही नाहीत लाईफ गार्डस फक्त त्या चित्रपटांतच दिसतात स्थानिक गुंडांच्या टोळ्या आणि ड्रग्सच्या विळख्यातला गोवा मात्र प्रत्यक्ष गेल्यानंतरच समजतो",neg
"﻿ह्या पार्कला कधीही जाऊ नका इथला मॅनेजर एक माथेफिरू आहे जो बायका - पोरांना शिव्या द्यायला मागे  -  पूढे पाहत नाही इथल्या स्विमिंग पूल मध्ये जर उतरणार असाल ,  तर देव तुमचे भले करो  !  अनेक ठिकाणी तुटला असल्यामुळे जखम होण्याचा धोका आहे आणि जखम झालीच तर प्रथमोपचाराची साधी सोय इथे नाही  ह्या पार्कमध्ये माशा व डास यांनी हैदोस घातला होता  जेवण तर अगदी घाण होते  ! ",neg
﻿आम्ही गोव्याच्या एका क्रुसवर गेलो होतो  पण त्या बोटिला नक्कीच सुधारणांची गरज आहे  बाहेरच्या देशातील क्रूज़स मध्ये असणार्‍या सोयी इथे पूर्णपणे अनुपस्थित होत्या  तिथे एक कार्यक्रम आयोजित केला जातो  पण अगदी वेळेवर हा कार्यक्रम रद्द करण्यात आला आणि ह्याबद्दल आयोजकांनी कसलीही दीलगिरी मागण्याची तसदीसुद्धा घेतली नाही ,neg
﻿निकृष्ट दर्ज्याचे जेवण सोडले तरी इथल्या उर्मट स्टाफच्या वागण्यामुळे हा अनुभव त्रासदायक ठरतो  इतक्या सर्रासपणे लूटालूट पाहून असे वाटते की यापेक्षा जास्त असुरक्षित ठिकाण मी पाहिले नाही  महाग झाले म्हणून दर्जा सुधारत नाही हे या लोकांना समजायची गरज आहे इथे जाण्यापेक्षा सिंगापुर किवा मलेशियाला जाणे मी पसंत करेन ,neg
﻿इथल्या लोकांना प्रचंड माज आहे  पर्यटकांशी सलोख्याने वागणे तर सोडा तुम्ही पर्यटक आहात हे समजल्यावर तुमच्याबद्दल खूप राग लोक मनात धरून बसतात  फूटपाथवर नेहमी गर्दी आणि गोंधळ माजलेला असतो  दुर्गंधी पसरलेल्या रस्त्यावरून चालताना तुम्हाला श्यास रोखून जावे लागेल तुम्ही रस्ता हरवण्याचा संभव आहे  त्यामुळे जर इथे जाणे झालेच तर घरात स्वतःला बंद करून घ्या ,neg
﻿इथले स्थानिक खूप उद्धट आहेत  पूर्ण शहर नेहमी अशांत आणि अस्वस्थ भासते  इथले पर्यटन कमी आहे ह्याबद्दल नवल वाटत नाही कारण इथे त्यासाठी अनुकूल परिस्थितीचा अभाव आहे  साधे थंड - पेये सुद्धा कधीही थंड मिळाले नाही तेव्हा मात्र संताप झाला ,neg
"﻿स्वित्झर्लंड सुंदर असले तरी प्रचन्ड महाग आहे  म्हणजे यापेक्षा कितीतरी सुंदर ठिकाणे भारतातच आहेत फक्त त्यांचा तितका विकास शक्य झाला नाही  सिनेमांमध्ये दाखवतात म्हणून काय ती ह्या देशाची प्रसिद्धी  ,  बाकी सगळा भ्रम आहे  इतके पैसे बुडवण्यापेक्षा नैनिताल वगैरेला भेट द्या ",neg
"﻿लंडन तसे कंटाळवाणे शहर आहे  इथल्या लोकांना खास ब्रिटीश माज आहे  दुकाने महाग आहेत आणि चार ला बंद होतात  ,  हे ऐकून तर पक्की निराशा झाली  !  जगभरातल्या कोणत्या शहरात चार वाजता दुकानांना कुलूप लागते  ?   !  इतरत्र इतकी छान शहरे असल्यामुळे लंडनला जाणे तसे विफल वाटते ",neg
﻿मी परत कधीही जाणार नाही  बार महाग होते आणि अकराला बंद व्हायचे  नाइट लाईफच्या नावाने बॉंब आहे  इथे गुन्हेगारीचे प्रमाणसूद्धा तसे खूप जास्त आहे आणि ह्याचा प्रत्यय तुम्हाला धास्ती वाटते तेव्हा येतो  इथल्या पोलिसांनी पर्यटकांना सुरक्षित वाटावे ह्यासाठी पाउले उचलण्याची गरज आहे ,neg
﻿वाईट हा एकाच शब्द माझ्या अनुभवाचे वर्णन करू शकतो  पाऊल ठेवल्यापासून कूबट वास येऊ लागला तेव्हा लक्षात आले की इथे येण्याचा अनुभव भयंकर असणार आहे  दोनदा आमच्या ओर्डरचा जेव्हा घोळ झाला तेव्हा कपाळाला हात मारुन घेतला  निमूटपणे जे आले ते जेवलॉ आणि चुपचाप बाहेर पडलो  ,neg
﻿आमच्या गन्तव्याच्या एक मैल डोर जेव्हा आम्हाला सोडण्यात आलेतेव्हा कळले की परिस्थिती बिकट आहे महाग नाइट्क्लब आणि तिथे अश्लील चाळे करणारे पुरूष ह्या जागेला असुरक्षित करतात एकट्या बायकांनी जायचे ठिकाण नक्कीच नाही ,neg
"﻿भारतातील पर्यटन व्यवसाय डबघाईला का आला आहे ते गोव्याचे घाणेरडे समुद्र किनारे बघूनच समजते मेकअप केलेल्या नटीप्रमाणे दिसणारे किनारे फक्त चित्रपटापुरतेच उपलब्ध असतात प्रचंड किमतीची हॉटेल्स ,  जिथे - तिथे दिसणारे गर्दुले आणि सातच्या आत घरात यायला लावणाऱ्या गुंडांच्या टोळ्या यापेक्षा घरी बसून गोव्याचे किनारे त्या चित्रपटांतच ठेवणे कधीही श्रेयस्कर त्यात आजू - बाजूची गलिच्छ वस्ती तरी पहावी लागत नाही",neg
"﻿एकेकाळी संगीत शहर म्हणून प्रसिद्ध हे शहर आता बजबजपुरी झाले आहे  कल्लोळ  ,  अव्यवस्था आणि अप्रमाणिक हॉटेल स्टाफ ह्यामुळे किळस वाटते  तुम्हाला मूर्ख बनवायलाच सगळे तयार असतात  घरीच थांबा  ,  असल्या भकास ठिकाणी जात बसू नका ",neg
"﻿ निसर्गरम्य ठिकाण असतानादेखील सरकारने दुर्लक्ष केल्यामुळे अजुनही प्रवाशांची संख्या कमीच आहे साधनांचा अभाव ,  रस्त्यांची दुरावस्था ,  प्रवाशांची गैरसोय यामुळे गणपतीपुळे अजुनही चांगले पर्यटनस्थळ बनू शकले नाहीयेथे येणार्या प्रवाशांची स्थानिक लोकांकडुन होणारी लुटमार खेदजनक आहे छोट्या छोट्या गल्ल्यांमधून प्रवास करताना प्रवाशांची दमछाक होते आणि त्यानंतर अस्वच्छ अशी हॉटेल्स पर्यटनाचा बेरंग करतात ",neg
"﻿लाखो लोकांचे आराध्य असणार्या पांडुरंगाच्या दर्शनाला जाताना बर्याचदा विचार करावा लागतो ही चिंताजनक बाब आहे अस्वच्छता ,  गलिच्छ वातावरण ,  भाविकांची गैरसोय ,  तोबा गर्दी यामुळे हे स्थान पर्यटनास अप्रिय मानलं जातं सरकारचे दुट्टपी धोरण ,  संस्थानचा वेंधळा कारभार ,  बडव्यांकडुन लोकांची होणारी लुटमार यामुळे भाविक त्रस्त आहेत चांगल्या हॉटेल्सचा अभाव ,  राहण्याची गैरसोय यामुळे प्रवाशांचा राहण्यासाठीचा कल कमीच असतो वारीच्या काळात जाण्याचे नाव जरी काढले तरी उचंबळल्यासारखे होते इतकी दयनीय अवस्था असते",neg
"﻿शिर्डीमध्ये संस्थानच्या चाललेल्या अंधादुंधी कारभारामुळे प्रवाशांचे बारा वाजले आहेत दर्शनाला लागणार्या लांबच लांब रांगा ,  श्रीमंतासाठी वेगळ्या रांगा यामुळे प्रवाशांचे हाल तर होत आहेतच परंतु लोकांमध्ये वितुष्टही निर्माण होत आहे राहण्याची सोयही काहीशी ठिकठाकच आहेसंस्थानवाले तर जणुकाही पैसे लुटायला बसल्याप्रमाणेच व्यवहार करतात एकंदरीत सगळा गोलमालच वाटत आहे गरीबांनी तर भेट देवूच नये अशी सोय करून ठेवली आहे",neg
"﻿ए  सी जास्त चालू असल्याने खूप थंडी वाजत होती  शिवाय ,  वेटराने पहिले दहा मिनिट मुळीच पाहिले नाही  इथले जेवण बेचव आणि शिळे  होते  पण किंमत मात्र दुप्पट होती  -  खूप महाग  !  इतकेच नाही तर एका प्लेट मध्ये खूप जास्त असल्याने पोट गच्च भरले होते  एकूण आमची निराशा झाली  जितकी ही जागा प्रसिद्ध आहे  ,  तितकेच इथले जेवण वाईट आहे ",neg
﻿ही एक वाईट सहल ठरली  लोक उद्धट आहेत आणि हवामान खूप रूक्ष आहे  वण्यसृष्टीसुद्धा खूप थकवणारी आहे  जर तुम्हाला युरोपमध्ये सहल करायचीच असेल तर इटलीला जा  ह्या शहरात नवीन असे काहीच नाही  एकूण कंटाळा येणे सहाजिक आहे ,neg
"﻿इथले लोक मुळीच सहकार्य करत नाहीत  माझ्या पसन्तीस पडण्यात हे शहर असमर्थ ठरले  बघण्याजोग्या तशा एक दोन जागा आहे पण त्या बर्‍याच मागासालेल्या आहेत  एकूण वेळ फुकट घालवायचा असेल तर जरूर भेट द्या  नाहीतर निराशाजनक जागा आहे ",neg
"﻿आजचे रोम वाईट अवस्थेत आहे  मी रोमला मागच्या आठवड्यात गेलो आणि नक्कीच परत कधी जाणार नाही  रस्त्यावर केलेली अश्लील ग्रफिटी पाहून माझी मलाच लाज वाटली  त्यांची ट्रान्सपोर्ट सेवासुद्धा जवळ्जवळ मोडकळीस आली होती  एकीकडे उत्तम इतिहास असतनादेखील रोम आज  त्या वैभवाच्या जवळ पोहोचत नाही  खन्गलेल्या मनोवृत्तीची सरकार असल्यावर काय होणार ",neg
"﻿अल्लाहाबाद मी पाहिलेले जगातले सर्वात वाईट शहर आहे  जगण्यासाठी लागणार्‍या मूलभूत सुविधा इथे उपलब्ध नाहीत  हॉटेल मध्ये सुद्धा वारंवार वीज जात होती ,  सलग 10 - 11 तास  माझ्या होटेलपसुन संगम पर्यंतचा रस्ता मी जीव मुठीत घेऊन चालत असे कारण भिकारी मला हैराण करून सोडायचे  इथले गाइड सुद्धा खूप चालू आहेत  इथे जाण्यापेक्षा मी बनारस ला गेलो असतो ",neg
﻿मला कोणीतरी पॉनडिचरी एक दिवसाच्या सहालीसाठी योग्य आहे असे सांगितले होते  तिथे जाउन मात्र रस्ते पाहूनच निराशा आली  इथे दारूचे गुत्ते सोडले तर दुसरे काहीच नाही   फक्त दारूच हवी असेल तर हे ठिकाण योग्य आहे  माझी गर्लफ्रेंड पुरुषांच्या नजरा पाहून घाबरून गेली  जोडप्यांनी इथे जाणे नक्की टाळावे ,neg
﻿ लहान मुलांना निसर्गाजवळ नेण्याचा फटका ताडोबाच्या जंगलात नेताना बसतो आधीच पायाभूत सुविधांचा चंद्रपूर जिल्हयात असलेला अभाव येथे प्रकर्षाने जाणवतो येथे कदाचित प्राण्यांसारखेच डासांनादेखील अभय मिळते प्रथमोपचारासारखी आवश्यक सामग्री येथे औषधाला देखील मिळणार नाही,neg
"﻿ह्या विचित्र जागेबाद्दल लिहावे तरी काय  !  जगात जर कुठे नरक असेल तर इथे आहे  मी लाख रुपयाची पैज लावायला तय्यर आहे  प्रथमतः ,  हे शहर जगाच्या कोपर्‍यात आहे  -  इथे वीज नाही  ,  पाणी नाही आणि बियर नाही  !  दूसरे म्हणजे ,  लोक खूप उद्धट आहेत  तुम्ही पर्यटक आहात हे कळल्यावर तुम्हाला लुबाडाय्चे 101 विचार त्यांच्या मनात येतील   !  आणि ,  मी जे मंदिर बघायला दूरपार्यंत आले ते मात्र बंद होते ",neg
"﻿सिंगापुर एक महाग शहर आहे  ताशी 100 डॉलरच्या हिशोबाने तुम्ही पैसा गमावाल  हात लावायला पैसे  ,  पाहायलाही पैसे  मला खरेच समजत नाही की ह्या विकरेत्यांना काही विकण्याची इच्छा आहे की नाही  एका दुकानात मी एका तैलचित्राला फक्त हात लावला तर आभाळ कोसळले दुकानदाराने मला पैसे मागायला सुरवात केली  जेव्हा मी म्हटले की मी कसलेही नुकसान केले नाहीए ,  तेव्हा निमूटपणे त्याने एका पाटीकडे बोट दाखवले  ह्या दळभद्री  ठिकाणी मी परत कधीच जाणार नाही  ! ",neg
"﻿चेन्नईमध्ये दोन ऋतू आहेत  -  गरम उन्हाळा आणि प्रचंड गरम उन्हाळा  !  इथे धूळ इतकी असते की एक कपडा एकापेक्षा जास्त वेळ घालणे अशक्य होते  पांढरे कपडे तर ह्या मळक्या शहरात पांढरे राहणे शक्यच नाहीत  सन - स्क्रीन लावायला विसरू नका कारण तुम्ही काळवन्डुन जाल  पैसे जास्त नसतील तर शहरात फिरणे म्हणजे तुमच्या पाकिटावर मोठा आघात असेल  सरकारी बसमध्ये तर 24 तास गर्दी असते  रिक्षामध्ये जाउ नका कारण ते नक्की तुम्हाला लूटतील  थोडक्यात ,  चेन्नई टाळायला हवे ",neg
﻿मिसूरीतल्या गूफांनी निराशा केली  ह्या गूफेचा इतिहास तर रंजक आहे पण तिथे पाहिले तर नुसती थट्टा करून ठेवली होती  अतिशय बावळट असा एक कार्यक्रम आत दाखवण्यात आला  -  मला तर झोप आली होती   ह्यात पर्यटकांनी खरच पाहण्यासारखे काहीच नाहीए  गूफेची मज्जा म्हणून माझी जी अपेक्षा होती ती ह्या सफरीत अपूर्ण राहिली ,neg
"﻿ह्या गूफा एक नंबरच्या बकवास गूफा आहेत  असे म्हणतात की ह्या क्लेओपाट्राच्या आहेत  ,  पण वास्तविक काहीही संबंध नाही  !  ह्याला पर्यटन स्थळ असे नाव का दिले आहे हे मोठे कोडे आहे  जर तुम्ही लंडन मध्ये आहात तर तुम्ही शहरातील आकर्षण पहाल  -  ह्या पकाऊ ठिकाणी कशाला जाल   ?   !  हे ठिकाण टाळायलाच हवे  ! ",neg
"﻿अगदी भकास अशा पर्यटन स्थलांपैकी हे एक आहे  आणखी वाईट गोष्ट म्हणजे ,  कांकून मध्ये लट्ठ मद्यधून्द पर्यटक नुसता धुमाकूळ घालतात  हे ठीकाण आता माझ्यासाठी इतिहासजमा झाले आहे ",neg
﻿कूनूरमध्ये जात असाल तर विवेक हॉटेलमध्ये राहून तुमच्या सहलीची नासाडी करू नका  खूप वाईट सर्विस आणि त्याहून वाईट त्यांचा माज  एकदाही सेर्वीसेसाठी ते लोक रूम मध्ये आले नाहीत  11 वाजता ना वाजता तो जोरजोरात संगीत लावून हैराण केले  हे संगीत जवळ - जवळ दोन तास सलग चालूच होते  तुम्ही इतके दमून आणि चिडून जाल की तुमच्या सहलीचे सगळे चांगले क्षण खराब होतील  सर्वात वाईट गोष्ट म्हणजे त्या लोकांना ह्याची कसलीही लाज नाही ,neg
﻿इथे राहण्याची सोय खूप महाग आहे  सगळीकडे गर्दी आहे आणि ट्रान्सपोर्ट सेवा अशक्त आहे  इथे कसलीही 'फार ईस्ट' ची अपेक्षा घेऊन येऊ नका  तुम्हाला बजबजलेले शहरच पहावे लागणार आहे ,neg
"﻿प्लिमत राक निरर्थक आहे  एक मोठा दगड रस्त्याच्या मध्ये उभा आहे  कोणालाही नक्की माहीत नाही की हाच तो दगड जिथे पहिले पाओल ठेवले गेले  तरी अतिउतसाही लोक उद्या मारत मारत नुसते फोटो काढत बसतात  मला त्यात एवढे काय नवल आहे हे कधी समजलेच नाही  थोडक्यात  ,  एक दिवस वाया  !  : - (",neg
"﻿हा एक अतिसाधारण रस्ता आहे  इथे लोकांची तोबा गर्दी जमते  सगळी दुकाने महाग आहेत  इथले कॅफेसुद्धा भयंकर महाग आहेत  कोमात कॉफी दहा युरोन्ना प्यायला तयार राहा  !  आणि खाण्याचा विचार सोडा  !  तुमचा कमावलेला पैसा इथे वाया घालवण्याची काहीही गरज नाहीए आणि हे सगळे कमी असेल ,  तर इथे खीसेकापूंचा पण सर्रास वावर असतो  त्यामुळे काळजी घ्या पॅरिसच्या सर्वात मोठ्या पर्यटन थापेपासुन सावधान  ! ",neg
"﻿महाराष्ट्रातील सर्वात पहिले राष्ट्रीय उद्यान मानले जाणारे ताडोबा राष्ट्रीय उद्यान आता मात्र अगदीच बेकार बनले आहे सरकारी औदासिन्य त्यासाठी मूळ कारण आहे राहण्यासाठी मोडकळीस आलेल्या खोल्या आणि सर्वत्र डासांचा प्रादुर्भाव त्यात भर घालतात कागदावर नोंद असलेल्या ५० पैकी एकही वाघ येथे आम्हाला कधी दिसला नाही",neg
"﻿शौचालयांचा अभाव  ,  बिनकामाचे लोक  ,  अशक्य पार्किंग आणि निकृष्ट जेवण  बरेच आचारी तर नुकतेच शहरात आलेले कामगार आहेत  -  त्यांच्याकडून चविष्ट जेवण बनवायची अपेक्षा ती कसली  रस्ते घाण आणि जेवण स्वास्थ्यासाठी हानिकारक आहे एवढे नक्की ",neg
﻿जाहिरातींनी भुलून जाऊ नका   आम्ही जेव्हा इथे पोहोचलो तेव्हा घाणेरड्या कपड्यान्मध्ये एक वेटर आला आणि आम्हाला मेनु देऊन गेला  त्यानंतर 15 मिन फिरकलाच नाही  नंतर आम्ही बोलावून प्रश्न विचारले तर उद्धटपणे बोलून उत्तरे दिली  शेवटी वैतागून आम्ही उठलो तर पाण्याचे 50 रुपये बिल ठेवून वेटर निघून गेला  इथले इतर रेव्यू नक्की फसवे आहेत ,neg
"﻿मागच्या शनिवारी मी आणि पत्नी कामात हॉटेलमध्ये गेलो होतो  ह्यानंतर माझ्या ह्या हॉटेल्वरचा विश्वास उडाला आहे  हे होताल पूर्ण रिकामे होते तेव्हाच आम्ही निघून जायला हवे होते पण तरी आम्ही बसलो  शिळे जेवण  ,  कच्चे मासे आणून वाढल्यावर आमची भूक मेली आणि आम्ही वैतागून उठून निघून आलो ",neg
"﻿कुठल्याही बाबतीत चांगले नसलेले हॉटेल म्हणजे हॉटेल तवा  जेवण वाढायची पद्धत अगदी साधारण असल्यामुळे आणि त्यात जेवण मुळात बेचव असल्याने इथे फारशी मज्जा येत नाही  टोमॅटो सूपमध्ये जेव्हा चिकन आले तेव्हा माझा संताप झाला  इथे पार्किंगचा खूप त्रास आहे  तुमची गाडी असुरक्षित अन् निमुळत्या गल्लीत सोडा आणि या इथे  ! ",neg
"﻿जितका वेळ वाट पाहावी लागते ,  त्यादृष्टीने पहाल तर इथे जाण्यात काही तथ्य नाही  आम्हाला 45 मिनिट थांबायला सांगून शेवटी दोन जणांच्या टेबलावर तिघांना बसवून गायब झाला आम्ही हताशपणे वाट पाहत बसलो आणि मग 15 मिनिटांनी दुसरा वेटर येऊन मेनु देऊन गेला  जेवण चांगला असले तरी इथे परत यावेसे नक्की वाटत नाही ",neg
"﻿गो ऐरचे बुकिंग केलेत म्हणजे तुम्ही पुरते लूटले गेलात असंख्य वेळा फ्लाइट रद्द होणे  ,  उद्धट स्टाफ  ,  फ्लाइट वर अपुरे जेवण ह्या गो ऐरच्या खासियटी आहेत  कधीही वेळेवर गो एर पोहोचत नाही  स्वस्त असली म्हणून जर तापदायक अनुभव घ्यायचा  तर फ्लाइ गो एर  ! ",neg
"﻿नेरळच्या माथ्यावर वसलेले माथेरान आपला साज झपाट्याने गमावत आहे उर्मट टॅक्सीवाल्यांचा माज ,  अरुंद रस्तांमुळे अश्यक्य बनलेली बससेवा आणि गगनाला भिडलेले भाव यांच्या विळख्यात माथेरान सापडले आहे माकडांच्या टोळ्यांपासून जीव मुठीत धरून तेथे फिरावे लागते त्यातच ठिकठीकाणी असलेल्या पॉइंट्सना सुरक्षेची रेलिंग नसल्याने त्यांचा पूर्ण आनंद देखील घेता येत नाही ",neg
﻿सौंदर्य आणि शुद्ध हवा यांसाठी प्रसिद्ध असलेले माथेरान आता मात्र नैसर्गिक रान कमी आणि सिमेंटचे जास्त बनत चालले आहे सामानाची अवघड ने - आण यामुळे सर्व वस्तू भयंकर महाग मिळतात त्यातच माकडांचा सुळसुळाट डोक्याला ताप देतो रहाण्याची आणि जेवण्याची देखील येथे चांगली व्यवस्था होत नाही ,neg
